org,name
bioRgeo,bioRgeo
wieselundco,erfolgskontrolleData
CognitiveNeuroLab,Speech-in-noise-pipeline
marekdedic,BP-text
ready4-dev,aqol6dmap
GerbenBeintema,encoder-CT-ode-ecml-2022
SciKit-Surgery,scikit-surgerytutorial02
Ongun1905,SafeSeeApp
ruiwu1990,LGDI
amesoudi,cultural
napulen,AugmentedNet
Ehyaei,MPIThemes
hsteinshiromoto,tex.beamer
lectaurep,lepidemo
Jhsmit,PyHDX
psyplot,psyplot
puzzlef,multiply-cuda-adjust-launch
franfranz,Verb
davidsneighbour,hugo-sitemap
laserlight-cell,IBP
lcbc-epfl,mdmc-public
KTong821,wato
lanceseidman,ropsten-faucet
buehler,mse-master-thesis
raissa-vieira,paper
CharlesPikachu,constellation
hugodepaula,linguagens-de-programacao
papachristoumarios,financial-contagion
danielvartan,health
hisham-sid,NetPixel
sambacha,gas-reporting
jparbache,projeto-cdd-verao
kaelynn-rose,Earthquake
gipso,lubritime
CharlesPikachu,pytoydl
mmarius,awesome-finetuning
ArianePinche,AtelierTEI
aabs7,InsertionSort
NatLibFi,Annif
Fusion-Power-Plant-Framework,bluemira
cau-se,theodolite
tbrown122387,gradeR
BlakeGerard,qrane
Adolfojara,lab
andleb,ganIsing
phtephanx,structsiren
epi-project,brane
esi-neuroscience,syncopy
aadler,Delaporte
KutukovVitaliy,Less32
jiehwan94,Price
SkeyGitHub,bigbasev2fix-1.58
rdellamonica,S2-gr-mock-catalogue
tesselle,khroma
ofmla,seiscope
ICEI-PUC-Minas-PPLES-TI,plf-es-2021-1-ti1-7946100-08-protecao-a-mulher
atlarge-research,opendc
arm61,uravu
debruine,webmorph
catg-umag,bcell-lymphomas-mutational-signatures
derek-corcoran-barrios,LayerCreationBuffer
kimianoorbakhsh,pointcloud-analysis
inbo,grtsdb
metio,tree-sitter-ssh-client-config
nils-wisiol,pypuf
billbrod,spatial-frequency-preferences
sayannag,Lypunov-Exponent-and-Correlation-Dimension
JarronL,webbpsf
keonlee9420,DiffGAN-TTS
ISML-UWA,BioPARR
xmodar,invtorch
FamilyOfficeOrg,fixtures-library
CodeReclaimers,neat-python
usnistgov,Differential-Privacy-Temporal-Map-Challenge-assets
baharalidurrani,fyp
ComNetsHH,aodv-ld-simulator
UFRN-URNAI,urnai-tools
Henze-Digital,HWH-ODD
ONSAS,ONSAS.m
khangnguyenhuu,vietnamese
oschwengers,platon
ranyus,FedFS
tylerdiggans,ESBP
boostcampaitech2,semantic-segmentation-level2-cv-12
ackermannluis,ACCESS
digitallinguistics,data-explorer
Morphclue,digimon-world-transcripts
primitivefinance,rmm-core
pojntfx,uni-supply-chain-paper
HenrikSchumacher,ConformalBarycenter
skit-ai,emotion-tts-dataset
BeeGass,Transformers
ethz-asl,sl
SBU-Chen-Wiegart,Interacial-shape-distribution-ISD
ScienceParkStudyGroup,rna-seq-lesson
vm6502q,qrack
dlr-eoc,ukis-csmask
aphalo,photobiologyPlants
actris-cloudnet,cloudnetpy
ElenaChernaya,Task
aphalo,ggpp
kostrouc,Bioinformatics
Project-MONAI,MONAILabel
rmvanhees,pyspex
seanpm2001,SeansLifeArchive
lsterzinger,2022-modeling-tenuous-arctic-clouds
SoftwareSystemsLaboratory,ssl-metrics-github-repository-searcher
antonin-novak,teensy
tesselle,kairos
BackmanLab,PWSpy
Odilf,Spasmodic-consonizer
ipalmieri,rlwm
KRR-Oxford,RSAComb
nithinsivadas,uncertainty
mocnik-science,osm-python-tools
Vertexwahn,FlatlandRT
erdogant,pypiplot
AbominableSandwish,EMP
everettvacek,Offset
atishdixit16,rl
anniehelms,machine
ShamrockLee,git-labview-integration
SciKit-Surgery,scikit-surgeryutils
tum-i4,CODASPY2022
biaslab,ReactiveMP.jl
kxytechnologies,kxy-python
SkirOwen,WignerMatJ
HTR-United,tapuscorpus
EyckBlank,EB
OnroerendErfgoed,deelgemeenten
usmaan0311,RNSpectra.jl
FAIRDataPipeline,FAIR-CLI
gammapy,gammapy-v1.0-paper
davidsneighbour,hugo-auditor
tum-i4,disa-windows-server-2016
AstraZeneca,rexmex
Hyonchori,ai
seanpm2001,SeansLifeArchive
aphalo,photobiologyLamps
IndrajeetPatil,statsExpressions
RMeli,spyrmsd
moshi4,github
Konstantinos-Drylerakis,climate-analysis
foxelas,medHSI
danieldehaan96,spdf
yangzilongdmgy,merge
walterjesus88,tiktok
skymanaditya1,mmdetection
Grain-Cropping-Systems-Lab,UC-Small-Grain-Soil-Nitrate-Quick-Test-Tool
angrymeir,Vulnerability-Report-Dataset
aadler,lamW
berkeleysdm,H5TurboPFor
fushwLZU,tensorflow
Clinical-Genomics,patientMatcher
neuralhydrology,neuralhydrology
Oktan89,32
gamma-opt,DecisionProgramming.jl
psyplot,psy-simple
ladsantos,p-winds
CharlesPikachu,codefree
davidsneighbour,hugo-youtube
mhucka,zoinks
olivershetler,pluto-database
correspSearch,csLink
ropensci,cffr
warlock2k,dql-racing-car
ThaisMatos,majorization
tbrown122387,pf
XpeHo3eM,Learning
mlsp2021-gmm,gmm-experiments
JacksonBurns,Crow
jddurand,c-marpaESLIF
unipept,unipept-desktop
rdfostrich,ostrich
ShoufaChen,COMP3340
CognitiveNeuroLab,resting-state-analysis-pipeline-microstates-frequency
HorizonRobotics,alf
SWxTREC,pymsis
Girib10,wine
caiogarzeri,Projeto
kracr,ontoseer
ICLDisco,parsec
GaiaGrosso,Learning
explosion,thinc
puzzlef,pagerank-optimization-skip-converged
tweber-ill,ill
Wilfred,difftastic
dermatologist,lesion-mapper
caltechlibrary,handprint-joss-paper
fidus58,networkit
simzero-oss,cfd-xyz
JanMuench,Tutorial
Research-Squirrel-Engineers,ELSAiotoolkit
MeSayan,MultiLingualQA
KDierickx,20211014-SeaChanges-Test
anr-bmbf-pivot,IEEE-Access-6LoWPAN-2021
sty16,cell
open-mmlab,mmediting
sukrutrao,Adversarial-Patch-Training
JeromeBollinger,Viergewinnt
dlshriver,dnnf
ananzeng,T-Brain-Machine-Learning-Competition-Traditional-Chinese-Scene-Character-Recognition-Contest-Advance
NorthernWidget,MaxBotix
denred0,human
CHV123,python-intermediate-inflammation
YesterdaySam,ComputationalWaveformMemory
kasasxav,ImSwitch
breeze-lab,breeze-lab.github.io
puzzlef,pagerank-cuda-switched-adjust-thread-launch
rOpenSpain,rostemplate
AvivYaish,X2VEC
puzzlef,pagerank-cuda-optimization-split-components
nsidc,qgreenland
lhdjung,scrutiny
claudemeffan,hp4294a-IA-GPIB
dgarijo,Widoco
skaloudis,intro-book
dkpro,dkpro-cassis
humboldtdigital,ediarum.PROHD.edit
asenogles,fasterraster
PeteJWatson,ggircal
HighCWu,pixel-guide-diffusion-for-anime-colorization
snknitin,us-zipcode-distance
sophus0505,Implementation-of-Gradient-Descent-Methods
anhtv26062000,namecard
Levitsky-Ilya,skillbox-cpp
Rishit-dagli,CPPE-Dataset
TNO-MPC,shamir
MarkHershey,dotfiles
lb19337,Launch-Vehicle-Failure-Casualty-Assessment
rhematt,Snap-Scraper
Sydney-Informatics-Hub,Bootstrapping-for-BQSR
AndreasPrein,California-extreme-fire-weather-types
castelao,OceanColor
Atiehmerikh,NeuroErgo
alanfox,spg
crguezl,learning-vue-3-getting-started-guide
lordofwill,AiffelCodeworks
uwhackweek,jupyterbook-template
franneck94,UdemyCppPro
gnss-sdr,geniuss-place
rolan2kn,TDABC-4-ADAC
collab-uniba,Issue-Report-Classification-Using-RoBERTa
nfdi4plants,dmpg
jangari,redcap
SticsRPacks,SticsRFiles
maurapintor,pandavision
RETURN-project,makeDataCube
pvlib,twoaxistracking
replab,applis
nikdata,human-activity-recognition
BombayBrownBoy09,OfflineRL
jhidding,nbody2d
mobiletonster,blogposts
bkahlert,bats-wrapper
JuliaSmoothOptimizers,SolverLogger.jl
keurfonluu,toughio
seanpm2001,SeansLifeArchive
TR-Holding,diags
citation-file-format,ruby-cff
simennes,Lab
LivingNorway,LivingNorwayR
BD-X,Offline-RL
bnagy,heroides-paper
spawaskar-cora,cora-docs
caltechlibrary,foliage
brentp,somalier
agl-c,deid2
namya-baijal,crater-scaling
strug-hub,roper
ucsb,UCSB
Global-Health-Engineering,manuscript-hospital-air-quality
BelleJohn,neuropsychology-NeuroKit
mpi4py,mpi4py
AgrawalDistillation,minlp-distillation-testset
gparadis,wbi
phenoflow,temp
rokaskasperavicius,sir-model
eschnett,MPIwrapper
abhijin,SPREAD
joseph-curtis,acme-ims
aphalo,photobiology
hipster-philology,pyrrhaCI
aphalo,photobiologyWavebands
jazzbuck,imgsmply
ictorg,ipa-template
amz78,Mode-Recognition
fabrizioromanelli,ORBSLAM2
madelonhulsebos,gittables
eeveetza,p1812
debsankha,exp
zbmed-semtec,BioMedSem-IR-KD
fschuch,incompact3d
MedVisBonn,eyelab
rajaswa,DRIFT
nims-dpfc,mdr-schema
wangzehui20,farmland-instance-segmentation
ASBecker,exam
seanpm2001,SeansLifeArchive
backup-undersense,2022
seanpm2001,SeansLifeArchive
NKI-AI,direct
LFPy,LFPykernels
darkushin,KinderGuardian
DragaDoncila,example-plugin
rfonod,deepsleep2
BeneKenobi,take-me-home
zbenyouss,Modular-3D-printed-Platform-For-In-vivo-MRI
naru-T,2021GISciClass
SciKit-Surgery,scikit-surgery-rse2021-poster
sebastianzwickl,equitable-paper
Computational-Morphogenomics-Group,Computational-Morphogenomics-Group.github.io
JustWhit3,latex-feynman-diagrams
ardorlab,MOF
tombuurke,getComGRF
Junhyuk93,what
ComplexGroupInteractions,xgi
extratone,macOSsystemsounds
dylan-yue,Dynamic
andredelft,flock-learning
ryanxingql,mfqev2.0
ymwangg,tensorflow
ready4-dev,specific
dbouquin,bones
merely-useful,py-rse
montesmariana,semcloud
kaapana,kaapana
bkuhlmann,form-validator
alx-yulax,321
AurapatN,AurapatN-website
aminefarez,Radio-Tower-Detection
oliche,viewephys
automation555,tensorflow
tesselle,folio
nalgi,Pan-Tompkins
helmholtz-analytics,heat
bkuhlmann,runcom
WU-BIMAC,NBOMicroscopyMetadataSpecs
msuefishlab,msuefishlab.github.io
1999Lyd,stablebaselines3
T-AbdelAlim,CraniumPy
JuliaIntervals,IntervalLinearAlgebra.jl
figlerg,NetTraceSim
tesselle,tesselle
MorganLevineLab,PC-Clocks
thePortus,asc-analysis
akamhy,waybackpy
EchoHackCmd,Bolt
azulqarni,graph-coloring
tum-i4,disa-windows-server-2019
seanpm2001,SeansLifeArchive
SPCData,TCV-X21
kubwai,plastic
lauraluebbert,ThorImage-Sync
changjiahao,ddod
koeppl,distinct
GerrFrog,TraderBot
anujpathania,HotSniper
devalk96,Thema09
spack,spack
omelchert,py-ecpn
adeslatt,MacTerminalWindowSetup
microsoft,pybryt
bkuhlmann,sublime
algo7,R
roopekoo,Kinect3D
anishacharya,DeLiCoCo
cedholm,Gradient-descent-methods-in-machine-learning
rcgsheffield,urban
wenjinzhang,DAISYLAB
worm-portal,AqEquil
PerfectFit-project,CravingCuesInVR
t-weber,electro
sagemath,sage
rOpenSpain,mapSpain
edoars,cyclovandermonde
jaantollander,LockPatternComplexity.jl
ghe-learn,ae-03-references
GeostatsGuy,PythonNumericalDemos
bhoule13,au-ex2020
gassmoeller,2022-data-and-software-skills
ci-for-research,self-hosted-runners
puzzlef,pagerank-adjust-tolerance
modelset,modelset-dataset
zhenyuw16,noisyboundaries
aphalo,learnrbook-pkg
saforem2,l2hmc-qcd
erdogant,df2onehot
BiodataAnalysisGroup,lineagespot
astrowagner,sphere-tools
DataCatalogue,ODD
bgonzalezbustamante,v-ink-flavoured
KGQA,leaderboard
theochem,B3DB
wpfadenhauer,Remember-Your-Roots
MakotoNakai,heqsim
Tech-Instituto-REDI,Censo
davidsneighbour,hugo-opensearch
mfejzer,reviewers
yufree,daily
Alislee-github,fruitgenomics
worm-portal,Complicator
inbo,checklist
Zeffiretti,lab-website
alawryaguila,multiAE
erdogant,colourmap
Tehnix,master-thesis
nfrerebeau,rarcheo
fredmrodrigues,TI1-TP
AlbertoRoper,GW
Dahoas,gpt-neox-finetuning
fotobiolab-unb,gapy
maurosilber,SMO
lukasValentin,SENSECO-WG2
tensorflow,federated
1999Lyd,AIPI530-take
vieirin,GM2MS4
optclim,ObjectiveFunction
tiennvcs,MFD2021
siara-cc,Unishox2
fredmrodrigues,TI2-TP
zhiyhu,CIDER
davidycliao,pcpb
bohdaq,rust-web-server
statgen,locuszoom
basher8488881,LightNDF
brains-on-code,simultaneous-fmri-and-eyetracking
SciKit-Surgery,scikit-surgerycore
ginkgo-project,ginkgo
irfan-sayani,PhoenixTech
dr-GitHub-account,learn
jkoch19,P5-Group-5.324
omelchert,autoScale
danibene,tympan-pc
qanastek,HugsVision
SoftwareSystemsLaboratory,ssl-metrics-git-productivity
cytomining,pycytominer
fbranda,covid19-data
hashkeks,sregistry-podman-compose
Peruz,ERTpm
Thomas-Risola,Choose-your-opponent
open-phytoliths,ICOPS-training-2022
ICEI-PUC-Minas-PPLES-TI,plf-es-2021-1-ti1-7946100-03-fake-news-1
tamascogustavo,chimera
waqasbhatti,astrobase
IMAGO-Catalogues-Jjanes,cataloguesSegmentationOCR
replab,api
samIndeed,Symmetries
tum-phoenix,reinforcement-learning-fc
seanpm2001,SeansLifeArchive
sebastianzwickl,sequential-iterative-downscaling
TNO-MPC,encryption
nicoguaro,continuum
ZJULearning,SRDet
zacjohnston,flashbang
FrederikSchibelfeldt,So
Sudhirk04,BMS
epurpur,SEDLS
CSID-DGU,2021-1-CECD3-four-elSe-1
duttm,Octahedra
schuurman-group,graci
DPIclimate,ag-node
aphalo,gginnards
sjvrijn,ModEA
hp2309,roboml
ssm123ssm,contagion
scverse,mudata
ICEI-PUC-Minas-PPLES-TI,PLF-ES-2021-2-TI1-7924100-02-gastos-e-comparacao-de-precos-1
UoMMIB,OceanInsightUVVIS
TheRetikGM,OpenGL-Menu
TNO-MPC,dpaillier
pierreGouedard,datalab
ryanxingql,powerqe
fotobiolab-unb,pyduino-parallel
swsoyee,TCC-GUI
zavolanlab,zarp
colinbousige,StreamGCode
pablo23hf,cautious-octo-tribble
ThomasWong2022,numerai-signals
kamermanpr,painblogr-plotr
LordCatello,distance-transforms-on-gmaps
data-centric-ai,dcbench
CelticLite,OnlineVote
martijnschouten,diabase
NREL-SIIP,PowerSystems.jl
mpusz,units
xenon-middleware,xenon-grpc
hkilter,my-datasets
AlbertoCuadra,combustion
im-AMS,Conformal-Maps
r-spatial,rgee
fritzfrancisco,acab
asereewit,RNA-Editing-in-Octopus-rubescens-in-Response-to-Ocean-Acidification-Methods
PSL-Chartes-HTR-Students,TNAH-2021-Projet-Correspondance-Berlioz
ben300694,knot-theory
sagemath,sagetrac-mirror
chfc-cmi,cmr-seg-tl
WU-BIMAC,MicroMetaApp-Omero
puzzlef,pagerank-cuda-adjust-csr-datatype
microbinfie-hackathon2020,CSIS
citation-file-format,cff-converter-python
davidycliao,legisCrawler
regulondbunam,RegulonDBHT-ETL
alexanderkroner,saliency
mapequation,infomap
ERPscanr,ERPscanr
marcovirgolin,genepro
4estlaine,Interstate.jl
KIT-Workflows,Test-WaNo
bilal-dsu,Ranking
open-mmlab,mmflow
LatinR,presentaciones-LatinR2020
DouweHorsthuis,EEG
jfmendozam,ontotoutra
isi-vista,MASC
gkanogiannis,CassavaWFMapCIAT
nvitucci,calcite-sparql
ISCB-Academy,Template
DeVagorumOrdine,DeVagorumOrdine.github.io
erdogant,irelease
ReeceOosterbeek,StrutSurf
twoodford,m3-realtime-control
GSTT-CSC,hazen
keithgroup,qa-dimers-data
kelsingazin,kaspi-review
TNO-MPC,mpyc.matrix
davidsneighbour,hugo-pictures
bridgedb,BridgeDb
Vicomtech,STDG-evaluation-metrics
Yzmblog,Yzmblog.github.io
sebaross,gas-reporting
iccmr-quantum,SOC-Qasm
TingFeng-7,mmdet
andquintero,website
ExtremeFLOW,neko
matchms,matchms
aspeddro,siconfir
PSL-Chartes-HTR-Students,TNAH-2021-ArgusDesBrevets
kandula92,tensorflow
TaehaKim-Kor,EVCIDNet
BCampforts,hylands
DavideMammarella,USI-MSDE-Thesis-Code
icecube,nuflux
glorialulu,GNN
nialov,geotransform
KnowledgeCaptureAndDiscovery,somef
ardaram,kunda-lab
BeeGass,Readable-VAEs
CrowdStrike,psfalcon
fneum,core-tso-data
davidycliao,PorkCNN
jtebert,kilosim-gridbots-decisions
NLeSC,structure-from-motion
AMSMRC1A,age
jaekyunahn,tensorflow
swcarpentry,collaborative-lesson-development
PieterMaaaan,Internship
svalinn,remove
openneuropet,PET2BIDS
lushaoan,mmdet
longitude-jyang,hydro-suite
Clinical-Genomics,scout
epiforecasts,omicron-sgtf-forecast
QuantumPackage,qp2
ICEI-PUC-Minas-PPLES-TI,plf-es-2021-1-ti1-7946100-01-pratica-em-conversacao
cran,cffr
AaronLMG,PYG
erdogant,kaplanmeier
stnolting,neoTRNG
GSTT-CSC,MLOps
rjkilpatrick,dlearn
nickrobinchen,myGames
1spb-org,hash-it
fernphy,ferncal
sales-lab,graphite
habibelamin,RMFuB
bkuhlmann,archiver
iamtekson,leaflet-geoserver-request
carbonplan,cdr-database
sachith500,MaskedFaceRepresentation
NorthernWidget,DS3231
ICEI-PUC-Minas-PPLES-TI,plf-es-2021-1-ti2-0940100-seek-n-hire
JoshYank,Bayesian
theiagen,public
JuliaDataScience,JuliaDataScience-PT
hyperledger,fabric
puzzlef,pagerank-cuda-block-adjust-launch
stephanieHines,Thesis
tsumarios,WebSocket-in-Django
agneta20,wordcount
NOAA-OWP,inundation-mapping
marekdedic,BP-legacy
Betristor,Adaptive-clustering-for-ESOM
mrmrmrfinch,BachDuet-WebGUI
MarkBuckwell,surface-analysis
adamrkenny,contrada-primer
marekdedic,VU-text
giswqs,leafmap
eribean,girth
openrocket,openrocket
AirbusDefenceAndSpace,vispa
tiulpin,spoon-2
jeffersonfparil,violinplotter
andstor,cross-chain-smart-contract-vulnerability-detection-methods-slr
skgadi,CIT
bkahlert,recordr
kronoszhang,DALC
NorbertNiderla,riot-lab
sugatoray,genespeak
MehmetAzizYirik,PartGen
gederajeg,paracorp
bjmorgan,py-sc-fermi
stack-of-tasks,pinocchio
BAMresearch,DIRECTT
dvklopfenstein,pmidcite
DeepRank,Deeprank-GNN
hanhan2157,modelingDrawio
rpreen,xcsf
cheginit,async
jamolama,citation-test
Jonas-Ste,GAD
nlohmann,json
JitanderVerma,blocksecure
diontrevorc,vide0-caption-be-project
PuSho4Ek,32.5.2
const-ae,ggsignif
jeromerony,adversarial-library
thePortus,Seneca-Falls
kgoldfeld,simstudy
geospace-code,maptran3d
urban-flows,data-logger-server
davideschiavone,core-v-mini-mcu
JacquesCarette,Drasil
gkanogiannis,ModifiedPerceptron.java
jiaxiangc,mmdetection-mine
agat59,sahil6
filcfig,PCP
programLyrique,asttoolsr
seanpm2001,Daily-desktop-screenshots
DavidContrerasFranco,Data-Driven-Dynamics-Understanding
pyg-team,pytorch
ambarja,snowfalldb-peru
Dione-Software,dione
NeuPhysics,neutrino-halo-problem
mapping-gait-ai,gait-mapper
selimamrouni,Deep-Portfolio-Management-Reinforcement-Learning
tudasc,PIRA
cosmoscout,cosmoscout-vr
mainzed,academicmetatool-viewer
LyonsLab,PhytoOracle
roptat,hayha
rikhuijzer,PowerAnalyses.jl
UfukBahceci,TechnicalDrawingPython
r-pad,OSSID
kasra-hosseini,privgem
mmcloughlin,addchain
shyamal-anadkat,offlinerl
David-19940718,mmclassification
solarchemist,O2solubilitywater
cornerstonejs,cornerstone3D-beta
semantic-systems,KGQA-datasets
andstor,bachelor-thesis
eWaterCycle,ewatercycle
rajaswa,indic-syntax-evaluation
ciresdem,cudem
MuSAELab,amplitude-modulation-analysis-matlab
antonin-novak,teensy
wadpac,GGIR
Hackuarium,beemos-esp32
askoj,owb
Hongyang449,DeepSleep
eWaterCycle,era5cli
pat-alt,deepvars
jipolanco,Circulation.jl
davidycliao,bisCrawler
joycenerd,rsna-pneumonia-detection
PeezoSlug,tensorgrow
patriciafiona,Comprehensive-Programming-Final-Projects
zeroknowledgediscovery,ZCoR-IPF
diogosens,cnn
deng-cy,deep
bkuhlmann,docker-alpine-ruby
aiunderstand,MixedRadixConversion
htcondor,htcondor
caltechlibrary,tccon-caltechdata
TissueImageAnalytics,tiatoolbox
crvernon,atiim
NoahHenrikKleinschmidt,Qupid
biswajitsahoo1111,cbm
WU-BIMAC,MicroMetaApp-React
OSGeo,grass-addons
garestrear,Curso
awsm-research,Flax
IBM,yaso-tsa
salgo60,ProjectOutdoorGyms
neurodata,df-dn-paper
OffcierCia,DeFi-Developer-Road-Map
GeSchr,Test2
LBJ-Wade,exoplanet
wachira90,python-serial
ProofOfConceptForJuliSmoothOptimizers,SolverTuning.jl
snehashismajhi,DAM-Anomaly-Detection
ipasimulator,ipasim
intsuc,inside-out
hrosailing,hrosailing
genomematt,survivalvolume
ICEI-PUC-Minas-PPLES-TI,PLF-ES-2021-2-TI1-7924100-rotas-gps-1
ssstolk,oldfrisian-kinship
megasanjay,test1
benjaminpeet,nondisjointramseynumbers
varkor,quiver
ICEI-PUC-Minas-PPLES-TI,plf-es-2021-1-ti3-6654100-teoremaprepara
spcl,rFaaS
h-cel,ImpactofBiasNonstationarity
SticsRPacks,CroptimizR
tina-1007,Nuclei-Segmentation
kateharborne,SimSpin
dieghernan,rasterpic
SoftwareSystemsLaboratory,ssl-metrics-git-bus-factor
SciKit-Surgery,scikit-surgery-evaluation
peterdalle,semproducible
ma7555,evalify
HabanaAI,Model-References
guillaumetousignant,NDG
tbrown122387,cpm
zjunlp,KnowPrompt
NLeSC,litstudy
SauravMaheshkar,infographics
salu133445,pypianoroll
MalihehIzadi,catiss
buehler,mse-project-thesis-2
i3mainz,semanticwfs
IA-for-Space,Improve-MBSE-ML
rateixei,si-mu-lator
erdogant,benfordslaw
shibing624,textgen
Group-Theory,Sus-Tag
Pedebruin,Thesis
nachifur,MulimgViewer
Toloka,CrowdSpeech
minetest-palamod,palamod
egonw,bacting-bioclipse
worm-portal,pyCHNOSZ
rohankumardubey,leafmap
GeostatsGuy,GeostatsPy
mdrafiqulrabin,SIVAND
tweber-ill,ill
viblo,pymunk
agsiddhant,ForwardSurrogate
Yuang-Deng,ctrst
rmnldwg,lydata
ChristophH,riffle
Emotional-Text-to-Speech,hmm-for-emo-tts
GeostatsGuy,ExcelNumericalDemos
IHCantabria,NEOPRENE
SSDataLab,vetting
nschloe,matplotx
jcox22,EC
seanpm2001,SeansLifeArchive
meshpro,pygalmesh
nschorgh,Planetary-Code-Collection
zelezniak-lab,zelezniak-lab.github.io
KwanLab,Autometa
amini-ISU,Multi-trait-GS
v-i-n-a-y,visible
ailintom,persons-names-MK
youxingz,symmetric
BioRDM,COVID-Wastewater-Scotland
omwn,omw-data
Khankee,Login-and-registration-spring-boot
sty16,cell
tweber-ill,ill
PNNL-Comp-Mass-Spec,proteomics-data-analysis-tutorial
replab,quantum
carlesfernandez,yocto-geniux
gammasim,gammasim-tools
ExtraKeys,neocities
fotobiolab-unb,raspi
hh-wu,EMOT
ls1intum,Artemis
amacaluso,Quantum-Single-Layer-Perceptron
HighCWu,SimpleRegion
davidsneighbour,hugo-head
bernetmeijer,simpleQENS
hykilpikonna,CSC110-Project
hollyanitamartin,shinyMicrobiota
martijnschouten,raspberry-bioamplifier
koldo2003,Capstone-Project
msulibrary,knowledge-graph-structured-data
davidsneighbour,hugo-schema
ratbotlab,ratbotlab.github.io
tweber-ill,ill
cjyetman,network.r2d3
KIT-IBT,AugmentA
nikhilvenkatkumsetty,TrashBox
erdogant,hnet
Kohulan,DECIMER
Research-Squirrel-Engineers,ELSAsf
microsoft,msticpy
SherifSabri,Research
USU-Human-Ecology-Lab,kinship-intensity-energy
The-Academic-Observatory,coki-oa-web
dcdace,Domain-general
bede,vespasian
mmaniu,xfce-nameday-plugin
renatapirani,Deep
ocean-eddy-cpt,gcm-filters
ecoli-hit,ASC2022
ku-nlp,pyknp
jayhsu0627,XAI
viplabB,SBD
cau-se,titan-ccp-stats
sjvrijn,cma-es-configuration-data-mining
scale-lab,BitTrain
ComPlat,chemotion
IAMconsortium,pyam
modal-inria,cfda
ibarraespinosa,cptcity
NotRaining,mmdetection
puzzlef,sum-cuda-memcpy-adjust-duty
wlad-svennik,memoized
Allamrahul,AI
BeeGass,Agents
geospace-code,nc4fortran
RaoulusHPC,deep
Ritujoy,Optimal-Microphone-Position
larcc-group,mandel-gpu-stream-parallelism
ArmaanAhmed22,TaskMessenger
arvados,arvados
kamranrad1993,json
ljl0012,ExtractingBuildingByMMSeg
gvwilson,10-newcomers
GAA-UAM,GBNN
FaradayInstitution,diagrams-battery-modelling
ebagdasa,propaganda
frontierkodiak,mmdet-experimental
seanpm2001,SeansLifeArchive
thunlp,OpenPrompt
OscillationMethods,Visualizers
gkanogiannis,CassavaGWASCIAT
jspaaks,test234234
cdli-gh,framework-api-client
boostcampaitech2,semantic-segmentation-level2-cv-16
allenai,staged-training
Junjue-Wang,Rank1-Ali-Tianchi-Real-World-Image-Forgery-Localization-Challenge
JulianKarlBauer,mechkit
gerardommc,Potential-snake-abundance-models
Ranhuiryan,mmsegmentation
sunxb05,pyworld
TNO-MPC,mpyc.stubs
QEC-pages,QDistRnd
akohlmey,tclmpi
aoertel,ultrametric-matrix-tools
burnsajohn,GenomePercPredict
Hail-cali,pinME
FoNDUE-HTR,FONDUE-MSS-18
meduselchen,BAthesis-3Dprinting
eric-kwok-nt,segmentation
bs1004,Object
yikoudamifan,mmdetection
bkuhlmann,versionaire
sarahmish,sintel-paper
NorthernWidget,Margay
ESMValGroup,ESMValCore
neurodata,SDTF
kazewong,BackPop
TISparta,angle-based-parametrization
eschnett,MPItrampoline
OniDaito,HOLLy
ICEI-PUC-Minas-PPLES-TI,plf-es-2021-1-ti1-7946100-glicemiaglicetec
GjjvdBurg,SyncRNG
DuncanMays,axon-ECRG
orviz,silver-octo-dollop
LogtalkDotOrg,logtalk3
crmelchior,forecasting
ooominds,ndltenses
predsci,PsiPy
pcwhy,NeuralDBVis
MedVisBonn,eyepy
millawell,ocr-data
jackhurley472,Josh
newsWhisperer,floods2021
ioos,ioos
nbara,python-meegkit
tresoldi,gled
ianlienfa,BBGym
biomechanics-hlrs-gebert,M-DTC-Direct-Tensor-Computation
biomechanics-hlrs-gebert,I-CBI-CT-Binarization
sappelhoff,eeg
rmnldwg,lymph
foerstner-lab,GRADitude
ESDS-Lab,FEAP-AceGen
joren015,MercariProject
TEI4HTR,page2tei
AlanInTsukuba,gender.gap.japan
mmore500,attributed-gossip-concept
neurodata,hyppo
aouriri,pytranscriber
briangkatz,oa
GeostatsGuy,GeoDataSets
usnistgov,SDNist
caltechlibrary,dibs
Yu-Group,veridical-flow
lootie,Multitaper.jl
grandjeanlab,MultiRat
HobnobMancer,saintBioutils
renegr87,renegr87
votca,votca
luthilab,IntanLuthiLab
marasophia,Coastal
paths-erc,moveit
bridgedb,bridgedb-webservice
estevaofuzaro98,vibrations-homeworks
zhenyuw16,combatnoise
SciQLop,speasy
shibing624,similarities
BeeGass,Readable-GANs
kampmichael,RelativeFlatnessAndGeneralization
KoyoteScience,real-world-reinforcement-learning
dsrhaslab,paio
JinneGeelen,ML-MoCap
molbiodiv,bcgTree
ORNL,HydraGNN
bkahlert,init
openmc-data-storage,material
IMMM-SFA,msd
seanpm2001,KhanAcademyData
aureguerrero,sahi
JuliaSmoothOptimizers,DCISolver.jl
eli-read-code,ReadCode-faker
CMU-SAFARI,Pythia
puzzlef,pagerank-cuda-optimization-skip-inidenticals
mfouesneau,pyphot
Armin-Smailzade,hadoop-spark-role
matiscke,late-m-occurrence
DrafProject,elmada
hnguyen19,Template-word
ajpoulos,Sa-correlations
BiGCAT-UM,IMD-PUPY
MUGE-2021,image-retrieval-baseline
automl,automl
rsdoiel,Artemis
lucasmyers97,maier-saupe-lc-hydrodynamics
alokjhajhria,BEPROJECTRSTV
puzzlef,pagerank-nvgraph-vs-cuda
ICEI-PUC-Minas-PPLES-TI,PLF-ES-2021-2-TI1-7924100-sistema-hospitalar
puzzlef,multiply-cuda-adjust-duty
hddlovefxx,labelme
saandre15,biopymlff
hrkz,cycle
spaul1995,NanobubbleDigitizer
QLVL,nephosem
Khang-9966,mmdec
bkuhlmann,git-lint
naturalness,sensibility
cgosmeyer,atl02v
SoftwareSystemsLaboratory,ssl-metrics-git-commits-loc
Brody-Lab,dynamic
rhugman,lumpyrem
KevinMusgrave,pytorch-adapt
people3k,p3k14c-data-scrubbing
rOpenSpain,climaemet
akprasadan,Active-Local-Learning-with-Lipschitz-Functions
PuAnysh,UFPMP-Det
ChrisLi121,Top-View-Shooting-Game
BrackenW3,NLP-Tools-Explosion-SpaCy
briandfoy,yaml-module-test
Dev93junho,IllustGen
Chrscool8,Homebrew-Details
vuillaut,sandbox
tsano430,ClusterEnsembles
TILE-repository,TILE-repository.github.io
ICEI-PUC-Minas-PPLES-TI,PLF-ES-2021-2-TI1-7924100-criptomoeda-1-1
estevaofuzaro98,instrumentation-app
jsteffman,f0-jumps
filipeloyola,laboratory-tests-preprocessing
karennik98,master
rohankumardubey,pca
DrWaleedAYousef,Teaching
cgxeiji,servo
aaamini,GMarkov-sampling
philips-labs,comparison-clustering-longitudinal-data
DragaDoncila,workshop-demo
matteocorti,check
vWing7,VisRecSys
ghoshavirup0,HighwayENV
caltechlibrary,handprint
ni1o1,pybdshadow
berzentine,NER
LucasLarson,gunstage
greninger-lab,revica
yg-smile,RL
zincware,ZnVis
weiqingtangx,coinocr
anonymous1203,P10Spasm
PSST-Challenge,psstdata
zoometh,rockart
foloumi,monai
ideokas,Skripsi
gdelazzari,Mushley
patil-suraj,question
Morphclue,evo-world
ltl-ude,GoBo
fkie-cad,ipal
AztrexDX,draw
o2r-project,erc-checker
INET-Complexity,ESL
Dale-Black,DistanceTransforms.jl
v-i-n-a-y,PSM---Punnett-Square-Maker
matthiasdemuzere,w2w
mmaniu,awesome-gimp
puzzlef,pagerank-adjust-tolerance-function
consortium-cosme2,.github
mala-project,mala
grezniczek,redcap
dfm,quasisep-gps
mandiberg,Names-Surnames-and-Countries-for-Stopwords
SaadBazaz,ChinesePython
scivision,findssh
awiegel,PaSyPy
lukassnoek,introPy
clulab,SBM
Alec-Stashevsky,blocklength
spideruci,morpheus
eeveetza,LFMFSmoothEarth
ICLDisco,dplasma
a-Imantha,e-learning-survey-data
jdestefani,MEMTS
meshpro,pygmsh
DunstanBecht,lpa-output
dbogatov,fabric-simulator
vansin,table
au-research,datacite-api-notebook
andylitalo,g-adsa
EBIBioSamples,biosamples-v4
sveneschlbeck,Multi-Language-RTVC
xenon-middleware,xenonflow
ropensci,git2rdata
Adolfojara,sisbioplant
ustc400,drone
cd-athena,CAdViSE
ICB-DCM,pyPESTO
filipeloyola,COVID-19
CBIIT,NCI-DOE-Collab-Pilot3-SYNDATA
Guilherme-D,NetLogo
valvarezapa,LCD
espv,expose
theodore-evans,xai-in-digital-pathology
bkuhlmann,auther
thissop,meteorite-minerals
puzzlef,sum-cuda-memcpy-vs-inplace
openagua,openagua-client
MMTObservatory,mmtwfs
fusion-jena,rdf-property-and-datatype-usage-scanner
stella-project,stella-search
zeroknowledgediscovery,Cynet
TRASAL,ringbuffer-sc1
oolonek,taxo
twitter-research,image-crop-analysis
BrandonIW,Pwd-and-Hash-Generator
behnamh217rn21,PCA
DynamicGenetics,Spotify-Rehydrator
brains-on-code,eyetracking-linearity-replication
Unity-Technologies,PeopleSansPeople
EAGG-UF,PRIMME
ludvigls,gym
bkuhlmann,pragmater
TobiaMarcucci,shortest-paths-in-graphs-of-convex-sets
Gurobi,grblogtools
salu133445,arranger
davidson-consulting,diff-jjoules
chfc-cmi,misas
cselab,msode
NorthernWidget,T9602
andrewjpage,tiptoft
PhoenixDL,rising
KevinOluoch,yieldest
erdogant,caerus
larnsce,co-wash-symposium-2021
ydwisroad,competitions
dnanto,democapsid
mcamagna,GFF2DDBJ
sgibson-mse,python-intermediate-inflammation
allisonfeeney,guid-data
mgehne,tropical
RenanMoraesCardoso,Projeto
TestUser0x6,thc-hydra
anilozdemir,EchoVPR
TheAlbertDev,pcb-esp32-imu
elixir-luxembourg,daisy
axiom-data-science,project-s2s-sea-ice-guidance
eribean,RyStats
soorajachar,plateypus
Cool-Chaoz,Machine-Learning-Regression-for-Gas-Turbine-Blade-Efficiency-and-Power
denisrosset,l1periodogram
JuliaPapers,He-Kelly-Manela-2017-JFE
REX-ggwp,LCE
ajaymur91,CLIPS
davidsneighbour,hugo-giscus
hahdookin,cs490
luzsantamariag,terser
techiaith,geiriau-mwyaf-aml
jasontilley,octapy
biomechanics-hlrs-gebert,I-DOS-Downscaling
seanpm2001,SeansLifeArchive
OgnyanSimeonov,LowBirthWeight
ASBecker,BATcancer
pswpswpsw,nif
ContinualAI,avalanche
SAP,performance-regression-data-set
research-software-directory,RSD-as-a-service
alarictabaries,mds
AAnzel,MOVIS
MNiMORPH,GRLP
nicojahn,open-neural-apc
fernphy,pteridocat
Astro-Lee,mpPapers
alx-yulax,322
CoppeliaRobotics,simExtRuckig
Shape-Fragments,pySHACL-fragments
guilhermeadams,cornerehat
connerlambden,Cube
Nettimi-Satya-Sai-Srinivas,ethernet-packet-generator-hardware-prototype
SWE-UniStuttgart,evoTurb
SarthakYadav,audax
YJ-20,sign-language-translation
muhammadhamzahabibhashmi,segmentt
AlexHenderson,pyutils
precice,fenics-adapter
sxs-collaboration,sxs
lukassnoek,NI-edu
ImperialCollegeLondon,champ
fido-ai,ua-datasets
TeifLab,ChromHL
Zacthepotato,OHIF
darker66678,NYCU
tekrajchhetri,GDPR
WalkerWang000,AIPI-530-Final-Project
sepandhaghighi,pycm
agkuba,IEC-Data-Analysis
john-susitronix,hls
DeepWater1013,RockedPy
KTH,spork
rbouadjenek,deakin-ai-challenge2022
openrsp,openrsp
cloudflare,zkp-ecdsa
larsgeb,psvWave
automl,Auto-PyTorch
christianholland,thesis
sufyanshk,RLD
IMAGO-Catalogues-Jjanes,extractionCatalogs
gruni55,goat
VeronicaMalizia,Hookworm
PowerSense,Powersense.jl
Kabilesh93,survey
PetrKryslUCSD,FinEtools.jl
remlapmot,OneSampleMR
seanpm2001,SeansLifeArchive
aleclawlor,computer-vision-final-project
eEcoLiDAR,Laserfarm
daniellekurtin,NLP
jIskCoder,jEye
cvclcm,ePTM
matthiasgomolka,sdcLog
abelsiqueira,python-template-test
michaelkolesidis,javascript-software-synthesizer
crsh,reproducible-research-practices-workshop
jeremiasgd,ERNA-code
ThanhHuy-Le,AK
dieghernan,pkgdev
iandinwoodie,aois-data
pm4knime,pm4knime-core
yulanvanoppen,ZIBGe-GLMM
AppliedMechanics-EAFIT,SolidsPy
seanpm2001,SeansLifeArchive
ipselium,nsfds2
Olethrus,WJS-Manuls
unsubshafiq,autoencoder-transferlearning
ulfsri,fsri-residential-gasburner-2016
UtrechtUniversity,anonymouus
extratone,bilge
leizton,tensorflow
YannickJadoul,Parselmouth
lee4567,DL-for-MI-BCI
DeepRank,iScore
gopt-ufjf,DMR-solver
aqlaboratory,openfold
SticsRPacks,SticsRPacks
fusion-energy,openmc
24LopezR,sturdy-octo-spork
nax1016cs,DRVL
agnes-riviere,treat
caltechlibrary,OVRO-demo
AI4Bharat,OpenHands
biojava,biojava
HutzlerLab,ParticleTracing
bkuhlmann,ubuntu
hallboyone,Parallelized-Alg-for-Persistent-Feas-in-Linear-Syswith-Multiple-External-Switching-Signals
gejinchen,HDRnet-PyTorch
TimWiesner99,active
bcjaeger,coxph
future-proof-iot,RIOT-murdock-test
iowaguy,pcn-simulator
mcagriaksoy,Serial-Communication-GUI-Program
jacksonb-cs,Privacy-Preserving-ML
YingjieQiao,SentimentAnalysis
neelsoumya,dsSurvival
ericbrasiln,anais
rge123,c19sim
Johnson-Research-Group,Pyhesive
opentja,HKAA-prediction-on-post-operative-X-ray-images
bitsyamagu,jnord
CrowdStrike,gofalcon
bgonzalezbustamante,chilean-ministers
Hyclone,Hyclone
brentp,nim-lapper
wruth1,COVID
JohannesBorgqvist,symmetry
salu133445,musegan
TNO-MPC,mpyc.secure
zugazagoitia,knag
AG3NTZ3R0,cnbc
hartmast,zuhause
brunotacca,INTRACS
genepi,nf-gwas
etam4260,hudr
seanpm2001,SeansOSData
OnroerendErfgoed,skosprovider
cozygene,EHR
zifornd,array
danistradi84,FitLJ
PSL-Chartes-HTR-Students,TNAH-2021-DecameronFR
scipion-ed,scipion-ed
erdogant,findpeaks
EdAlexAguilar,reward
xarray-contrib,xskillscore
dieterich-lab,Baltica
CEED,libCEED
muhamza,Jalebi-Compiler
trakkabase,Coxeter-groups
urschrei,pypolyline
bkader,Skada-Cata
mainzed,academicmetatool-js
extratone,scrubs
Sarrazola-j-i,Relic-Abundance-Dark-Fermions-Anihilation
allpix-squared,allpix-squared
MattiaDif,model-based-spike-detection
hrossman,pymsm
KoyoteScience,GP-BLR
nyeBaker,QEC
INDElab,conversationkg
schaepermeier,moleopt
Zuoqiu-Yingyi,widget-drawio
FelTam,VRPD-DSS
martinsefl,pcr
zbw,stwfsapy
regulondbunam,RegulonDBHT-API
brobeson,tracking-analyzer
eddiebergman,TryMe
brian-team,brian2
humbertovarona,mNC
fusion-energy,openmc
marekdedic,DSEMI-presentation
gfxdisp,pu21
fabiankal,woco
iccmr-quantum,Intro-to-Quantum-Computer-Music
healthinnovation,innovar
krlennon,mastercurves
erdogant,classeval
hsbadr,additive
michaeljacksonatnmtedu,NCN
choe-hyonsu-gabrielle,korean-amr-corpus
yuvrajselvam,safe-AD-dL
EwanGilligan,yatyat
xunchanglu0901,LSTM-PSO-GAS-GA
KIT-Workflows,PCU-MOF
marekdedic,VU-presentation
jdestefani,ExtendedDFML
chiahsuan156,DST-as-Prompting
lehagram,easyMoss
nialov,nialog
vishwas1984,LaplaceInterpolation.jl
ryanxingql,stdf-pytorch
ersilia-os,ersilia
talha1503,transformers
Superskyyy,deep-log-unstructured
ubc-library-rbsc,gillis-2021
mhucka,urial
seabove7,CaribbeanSST
koeppl,biclique
enriquetomasmb,bci
biomechanics-hlrs-gebert,A-GLI-Geberts-Library
PMBio,MuDataSeurat
theochem,procrustes
JustWhit3,root-framework-installer
Wangyiqi,Scale
caltechlibrary,dataciteapi
james-d-pickering,SFG
michoug,PhyloEuk
freemocap,freemocap
XZhu-lab,Fusion-accuracy-assessment
SciKit-Surgery,scikit-surgerycalibration
acli,new
koeppl,repair-inplace
ARTS-Laboratory,Paper-Progress-towards-data-driven-high-rate-structural-state-estimation-on-edge-computing-devices
Antoine-Meloche,PyCommit
perlreview,returnvalue
hlfreund,Amplicon
rumeshmadhusanka,transformers
kit-ifv,logitopp
ajodeh-juma,rvfvtyping
PerezHz,NEOs.jl
NickleDave,hybrid-vocal-classifier
NeuroSainteAnne,synthFLAIR
lbl-camera,gpCAM
megasanjay,testrepository
alexander-lindner,alexander-lindner
The-Academic-Observatory,academic-observatory-workflows
Aminullah6264,gpvi
NVIDIA,MatX
kevinkovalchik,proteotools
burakbudanur,dnsbox
Radishi,mmpose
alejandrommingo,QLSA
eritup45,VRDL
gkanogiannis,BioInfoJava-Utils
tesselle,dimensio
metacpan,metacpan-cpan-extracted
m9brady,eodms-api-client
virtines,wasp
maxspahn,gym
asenogles,slidepy
lewiuberg,confprint
Mistergix,wave-function-collapse
john-wigg,pan-ExM-vis
mcagriaksoy,Satellite
extratone,tot
Ehyaei,RTLNotes
jara001,ng
FourierFlows,GeophysicalFlows.jl
PSL-Chartes-HTR-Students,HN2021-Kovalewsky-1893
igorkartsevich,Home-Work-32-Task-1
ImXman,MACA
SciKit-Surgery,bard-data
marekdedic,DP-presentation
openagua,engine-example-slop
JATOS,JATOS
douweschulte,pdbtbx
conda-forge,conda-forge.github.io
dm807cam,EMPiR
ElmerCSC,elmer-elmag
jae608,ThroughLineLP
Dolores2333,Blackjack
eeveetza,p452
Sydney-Informatics-Hub,Shotgun-Metagenomics-Analysis
ucb-cyarp,BerkeleySharedMemoryFIFO
caa-datadragons,dragon-ontology
GenericMappingTools,pygmt
STAR-Laboratory,Accelerating-RecSys-Training
LandscapeGeoinformatics,csv
M3SOulu,soccminer
YuruHuang,MenuTracker
abelsiqueira,smol-opyt
Asadquantum,NetSquidforQBA
sxs-collaboration,spectre
Tenebris97,MaskNet
ManimCommunity,manim
robot-vsb-cz,parameters-identification
OBrink,RanDepict
kylase,annotated-reference-strings
opentja,HKAA-prediction-on-preoperate-images
goucher-ml,2021-Fall
anastassiavybornova,bikenwgaps
chanzuckerberg,napari-demo
inab,WfExS-backend
sethfischer,osr
m-beau,NeuroPyxels
RowPJ,qsvm-feature-map-investigation
foreswearer,gist
KDSource,KDSource
tombisho,dsSynthetic
gesiscss,Homophilic
puzzlef,pagerank-nvgraph-adjust-rank-datatype
Joscolgan,bter
Feltriner,MasterThesis
calgo-lab,green-db
hsteinshiromoto,cartorio
erdogant,fitdist
MatFi,AnnA.jl
dieghernan,leaflet-providersESP
kanmani-k13,FaceMask
Sebsslpwthkybd,Sebsslpwthkybd
AlekseySmirnovEmpire,MyHomeWorks
Jens21,Sim2Real
sjvrijn,ConfiguringCMAES
warint,statcanR
hedjour,med
ENOT-AutoDL,mmdetection-enot
jdonovanCS,Novel-Feature-Detector
neesjanvaneck,VOSviewer-Online
viniciusvviterbo,Multilayer-Perceptron
GRAAL-Research,poutyne
LandscapeGeoinformatics,landstats
sandialabs,ufjc
LKbrilliant,Brain-Download
jplimagomes,Template-de-repositorio
Yunseong-Cho,QuantizedCoMPwithPerAntennaConstraint
choderalab,perses
ecoacoustics,metadata-standard
minglibio,minglibio.github.io
leon-dae,explainable
MichaelChirico,r-ci-samples
WU-BIMAC,4DNMicroscopyMetadataReader
EdgarLi,Games
tcumby,pre-commit-matlab-lint
fvalle1,keywordTCGA
scivision,fortran-submodule
FPSG-UIUC,SPT
JustWhit3,osmanip
Klemet,LANDIS-II-Forest-Roads-Simulation-extension
peterdalle,svensktext
thetimeofblack,lab-website-template1
Tech-Instituto-REDI,Inep
sbegueria,SPEIbase
Phabrico,Phabrico
guigolab,FA-nf
erdogant,clustimage
mattsheng,iBART
BonnieMcLean,IconicityMeasuresJaponic
GustasG,TmLox
Maxelweb,FuzzQR
ipelupessy,amuse-framework
nathantgray,Lux-Design-2021
mobiusklein,glycresoft
extratone,snippets
harshfeudal,Cpp-json
puzzlef,pagerank-cuda-thread-adjust-launch
coosto,dutch-word-embeddings
vpKumaravel,eeg
puzzlef,pagerank-cuda-adjust-rank-datatype
UA-RCL,RANC
scottyhq,testbook
RosiePuddles,HeuristicTSP
ark93-cosmo,NeutrinoOscillation-H0Tension
anilyaman,Metacontrol-of-social-learning-strategies
vision-agh,pointpillars
plannapus,NSBcompanion
henryhchchc,MockSniffer
lee-gwang,aiconnect
Phanxv,Microcontroller
patrick-vieira,INF01151
TrackerControl,tracker-control-android
CAMgalaxy,CAMgalaxy.github.io
cheginit,pygeohydro
SuyashLohia,mmclassification
eshanking,fears
HEGSRR,HEGSRR-Template
seabove7,RandomFun
BenWibking,quokka
lenakba,modelling-training-load
jedavis82,scene
open-mmlab,mmrotate
ejgrzesik,fuel-loads-and-plant-traits
r05323028,eyes
maxcorlabs,Corona
ChristianDaza,Software
Clashsoft,Master-Thesis
CondorCompPhil,falcon
E-Health,drishti
cct-datascience,rangeland-restore
bkuhlmann,test
HTR-United,HTRUC
adamrkenny,sandbox
antontruly,relocation-avoidance-ip-cfcs
ivanek,Gviz
Westly-Bouchard,mathIA
anasbaigmughal,fabric-main-mraft
microsoft,FLAML
mcamagna,HISAT2-pipeline
DurhamARC,metalation-calculator
leomol,walkway
fhswf,MLPro
badeshiben,Fault-Impact-Reduction-Control-Module
softsys4ai,unicorn
Digas-2,Dissertation
LandscapeGeoinformatics,EGU
lbinter,gcd
bharathkeshavamurthy,Aesir
EquipoVandV,mmactionVandV
MNiMORPH,river-channel-width
TheRetikGM,OpenGL-Template
veritaass,car
archspec,archspec
extratone,lmv22
Varad28,Optical-Model-Simulation-for-TP-AFP-Setup
hyahatiph-labs,infosec
ediarum,ediarum.BASE.edit
ehimetakahashilab,Graduate-Research-2021
extratone,wtf
shizukanaskytree,tensorflow
Fraunhofer-IMS,AIfES
caltechlibrary,template
halldorag,The-Wellbore-Simulator-FloWell
nano-optics,cubs
rurz,UnitRots
ldeo-glaciology,ITGC-field-doc
SebastianM-C,LaserTypes.jl
egonw,bacting
railtoolkit,edugame-railway-operation
lamphilong240820,BlockChain
mandelbrot-project,memo
qanastek,EasyMCDM
ccbogel,QualCoder
sy3c4ll,midea
Buuuuli,AIPI530
bkahlert,libguestfs
j-i-l,pyAlluv
scale-lab,EDAonCloud
r02222044,AIPI-530-TakeHome
Mgunadi,Good
stidk,my
QIB-Sheffield,Weasel
GoingKim,Project-waste
labsyspharm,cylinter
stroblme,hqsp-stqft
JanCBrammer,biopeaks
samandmac,MixOmics-Project
FowlerLab,simdms
ashutoshraman,BME580
agilescientific,welly
ChenyuLy,P
DravidianNLP,BenchmarkingMTL
JuliaSmoothOptimizers,AMD.jl
marekdedic,DP-text
manikyabard,transfertab
dieghernan,igoR
geodeepak,Pygmt
ICEI-PUC-Minas-PPLES-TI,plf-es-2021-1-ti3-6654100-parkio
estevaofuzaro98,inSANE
magicknight,3D-GAN-denoising
nextflow-io,nextflow
chriswaudby,2d-methyl-multiplet-analysis
scivision,fortran-filesystem
TOPLLab,WARDuino
adrianadepalma,BII
AG3NTZ3R0,yh-finance
IlkerCa,t81
jblattgerste,sus-analysis-toolkit
bgillesp,sage-zonotopal-algebra
QIB-Sheffield,dbdicom
Argonne-National-Laboratory,DSP
AfricaBirdData,ABAP
MartGon,BlockBuster
bkuhlmann,marameters
rohankumardubey,undouble
cau-se,titan-ccp
ICEI-PUC-Minas-PPLES-TI,PLF-ES-2021-2-TI1-7924100-ma-gestao-de-tempo
mircodor,vcb-bs-decays
pybamm-team,PyBaMM
Doctorado-ML,STree
JasjotbirSingh,XVAA
rehohoho,mmaction2
catalpaaa,Orbific
LKbrilliant,Brain-Download-Datasets
metaBIOlab,CorticalFolding
zbw,qualle
jgraph,drawio
yuanxiesa,pubmed
meihuisu,cvmhsgbn
R-Class,cpp-528-fall-2021-group-03
gkbharathy,ML
gozzarda,pcg
force11,force11-sciwg
JuliaSmoothOptimizers,SparseMatricesCOO.jl
briandfoy,string-sprintf
bci4cpl,Tinnitus-like-hallucinations-in-an-entropy-maximization-recurrent-neural-network
paloma-git,COVID19
interactivereport,CellDepot
stephanschoeman,PSData-in-python
psychopy,psychopy
cescalara,minieuso
lionel68,ase
E-Health,fhirform
watchexec,clearscreen
telatin,seqfu2
dbhi,qus
sensebox,React-Ardublockly
citation-file-format,cffconvert-github-action
kostas1515,GumbelActivationForLongTailSegmentation
cbri92,FETsegmenter
aldma,Bazinga.jl
AvivYaish,LazySet
SebastianZiche,Bosch-Production-Line
TetsuakiBaba,handable
strakto2,Heatmap-comparison-by-pixel-presence
SoftwareSystemsLaboratory,ssl-metrics-pipeline
OgnyanSimeonov,Humans-vs-Zombies-Modeling
trejkev,Topic-CPU-MEM-usage-plotter
dmyersturnbull,tyrannosaurus
braz-suthar-isol,drawio
Robin329,CPlusPlusThings
jsture,gogoGPCR
JamesLiang819,testmmdet
h-cel,hamster
annakat,NEON
mcagriaksoy,EuroSAT-Image-Classification-with-Wide-and-Deep-Learning
cescalara,QCDNUM.jl
thePortus,hacking-historical-texts
t-weber,mathlibs
engbergandreas,ProceduralGeneratedTrees
lightwave-lab,lightlab
sunpy,sunpy
keithgroup,qa-atoms-dimers
Palmer-Lab-UCSD,HS-Rats-Genotyping-Pipeline
greenelab,lab-website-template
nano-optics,mie
rstals,Unity-SCORM-Integration-Kit
SoaringChicken,tensorflow-tensorflow
maxnutz,res
0vercl0k,wtf
stillwater-sc,universal
se2p,pynguin
kmaterna,Strain
pangenome,odgi
yikoudamifan,mmaction
bjartelund,PsychOrNot
pai-disc,tensorflow
radifar,PyPLIF-HIPPOS
valerius21,x
bio-mguler,IMMEnSE
MichaelsJP,Unrelevant
SciKit-Surgery,scikit-surgerytutorial01
ViCE-model,ViCE-model
karosc,testSWMM
ICEI-PUC-Minas-PPLES-TI,PLF-ES-2021-2-TI1-7946100-crimes-ciberneticos-02
hczhang1,test
ma7555,kerasgen
BabadiLab,NLGC
VIB-PSB,ksrates
QiangZiBro,cv-aio
rsrchen,ecs129-project
ready4-dev,youthvars
The-Academic-Observatory,onix-parser
cogment,cogment-cli
jonatanalvelid,Tempesta-RedSTED
dmyersturnbull,science-notebook-template
neelsoumya,ramanujan
harshvardhaniimi,garlic
ryan112358,nist-synthetic-data-2021
OnroerendErfgoed,scriptorium
tcollins2011,Lux
thomas-leduc,t4gpd
jiangfeizi,labelme-autoannotate
CompRhys,roost
Rushidave10,Inverted-Double-Pendulum
SGIModel,MUSE
neuropsychology,NeuroKit
zacjohnston,flash
davidsneighbour,hugo-renderhooks
IgnacioPardo,RoadTrip
allenai,allennlp
watchexec,command-group
rbturnbull,ausdex
pyni,mmdetect
SticsRPacks,SticsOnR
nialov,fractopo
caselawanalytics,CaseLawAnalytics
ydwisroad,imageprocessingpytorch
fvalle1,latentrees
tschaffter,genenetweaver
larcc-group,escola-inverno-2021-docker
chauncygu,Safe-Reinforcement-Learning-Baseline
Christinepan881,AirBEM
noemieplanat,Parcels2
jpdeleon,cv
fwilhelmi,blockchain
hdduytran,mmocr
KyanChen,ClassificationFramework
jul095,TrafficMonitoring
oswaldogressani,mixcurelps
kiqpo,kiqpo
Pinzauti,LaTeX-thesis-template
proangelica,DiscriminationCheck
AndrewIOM,cottongrass
Mozartuss,DEAP-Emotion-Recognition
asmaa-elsaeidy,QBN-Smart-City-Dataset
ICEI-PUC-Minas-PPLES-TI,plf-es-2021-1-ti1-7946100-07-procrastinacao
GUT-Aachen,Hybrid-BHE-Simulation-Model
moble,SphericalFunctions.jl
Vastlab,vast
ribesaurelien,france
amichuda,jupyter-doexport
cran,citation
s2e-lab,BERT-Based-GitHub-Issue-Classification
tami64,BinBRO
NanoCommons,identifiers
cistib,mi-prediction
JustWhit3,useful-guides
eeveetza,p2001
kobejean,lar
FoNDUE-HTR,FONDUE-FR-PRINT-17
Linwitness,VECTOR
bkuhlmann,spek
miaomiaojj,mmediting-master
frustea,Quantum-Fast-and-Slow
kedro-org,kedro
techiaith,brawddegau-tagiedig
nikku1234,Computer-Vision
vincentpainchaud,PopNet
puzzlef,pagerank-adjust-damping-factor-stepwise.js
GMunari,DataLogger
elixir-nx,nx
open-mmlab,mmdeploy
briandfoy,returnvalue
Joker-co,mmdet
natir,yacrd
humboldtdigital,ediciones
elehcim,simulation
DunstanBecht,lpa-workspace
exoclim,aeolus
HugoLat,Pybullet
veritaass,pig
algo7,R
Mr-Stockpot,gprMax
takuseno,d3rlpy
rdahis,paper
rodluger,starry
Shahaboddin,Opticka
benjaminhempel,PAssT
Keivan-A-Gh,Master
fscutti,pyrate
zerothi,sisl
kwrx,qasp
xyjigsaw,DeepScience
DSegebarth,dcl
garandel,MF
pBxr,TagTool
thohemp,cube
ulfsri,fsri-compartments-2018
SarthakYadav,leaf-pytorch
MarcelRobeer,ContrastiveExplanation
mad-lab-fau,imucal
ICEI-PUC-Minas-PPLES-TI,PLF-ES-2021-2-TI1-7946100-plataformas-educacionais
openvinotoolkit,anomalib
ailich,MultiscaleDTM
ashishpapanai,stockDL
philipptempel,matlab-tooling
Heterogeneity-WG,age
urschrei,convertbng
matiasharju,6DOF-AAR-ZEDBOX
FedeMandelli,MosquitoesTimer
preempt-merge-tool,merge-tool
davebulaval,notification
apsoleimany,protease
BrandonIW,AverageCalc
bitsyamagu,methyl-stat
jyotidabass,medical
seanchang74,fast-style-transfer
EstherPlomp,20220113-OpenScienceTraining
probabilistic-numerics,probnum
kunguz,odak
EconMaett,matthiassp.github.io
ready4-dev,ready4use
thiery-lab,manifold-mcmc-for-diffusions
gradvohl,laboratorioSO
anniepyim,Cell-Count-OpenCV
agurvich,abg
ZJUTSong,Ifly-XRay-Detection
ssstolk,evoke-api
ImportPaddle,APCNet
manuel-calzolari,sklearn-genetic
CharlesPikachu,paperdl
jacknot,sync
tillbiskup,aspecd
TNO-MPC,encryption
ifmelchor,Tesis
ismaeldamiao,libdamiao
jdavies-st,trytemplate
pr4deepr,GutAnalysisToolbox
aminefarez,Hand-Gesture-Recognition
abelsiqueira,jill
onaci,leaflet-velocity
AntonioLonga,PytorchGeometricTutorial
erdogant,bnlearn
Maurice-Filo,Biomolecular-PID-Control
Eventdisplay,Eventdisplay
jordan-melendez,dft
speppou,AFM
gipso,refstudio
StuyoP,Belt-Tensioner-Robot-Servo
wsmoses,Enzyme-GPU-Tests
keurfonluu,evodcinv
fusion-energy,inertial
ns0631,SAHI
mapnik,mapnik
google-research,dex-lang
geospace-code,h5fortran-mpi
erdogant,pypickle
zhywan,msrigs
SciKit-Surgery,glenoidplanefitting
glow250,Code2Seq
drsla1-iscte,ES-LIGE-2Sem-2022-Grupo-41
lamastex,TDAOnABrainNetwork
CrowdStrike,falconpy
trejkev,Ground-Truth-Generator
koeppl,integer
wkentaro,labelme
lukapecnik,NiaAML-GUI
bjmorgan,bsym
lxuechen,swissknife
JoachimGoedhart,ggPlotteR
openscript,course-clock-ipa
tandeitnik,Evolving
PULSE-ML,MOMFBO-Algorithm
NAIST-SE,SATDinBuildSystems
ICEI-PUC-Minas-PPLES-TI,plf-es-2021-1-ti1-7924100-aprendizado-dos-alunos-na-escola
bdevans,CIFAR-10G
lyriccoder,codevec
patrickCNMartin,Vesalius
alesantuz,musclesyneRgies
LVotto,glmtech
palaciosnrps,automl-rs-project
kbelisar,ggcorset
puzzlef,pagerank-adjust-csr-datatype
DunstanBecht,lpa-xrd
egonw,org.pathvisio.io.rdf
pace-neutrons,pace-python
TeckKean,GTFS-Data-Pipeline-TfNSW-Bus
fusion-energy,neutronics-workshop
kakaobrain,minDALL-E
opavon,ThesisTemplate
caltechlibrary,datatools
techiaith,corpws-CC0
jpgattuso,seacarb-git
ssstolk,evoke
kierankyllo,CS280RP
madminer-tool,madminer
r02222044,stable-baselines3
serious-games-darmstadt,MovementAssessmentWithTeslasuit
Humans-of-Julia,Bibliography.jl
ailich,GLCMTextures
bkuhlmann,mac
davidsneighbour,components
Cprudhomme,SpaLOD
xiexinch,ResNetV2-mmseg
matjesg,deepflash2
gegen07,more-data
PSL-Chartes-HTR-Students,TNAH-2021-Projet-Notre-Dame
TlaskalV,TMS
witefab,master-thesis-code
Corey4005,SCANAnalysis
davanstrien,flyswot
tesselle,arkhe
GermanZvezdin,ermPoints
MRMacArthur,MRMacArthur.github.io
bkuhlmann,xdg
silk1100,behavioralProject
caltechlibrary,py-cli-template
VHellendoorn,Code-LMs
mvcisback,DISS
traffic-generator,client
microsoft,nni
AlexHenderson,hasher
moliushang,labelme
erdogant,d3graph
Qiza-lyhm,mmcv
TorchSpatiotemporal,tsl
TheAlbertDev,MASBstat
Green-Software-Foundation,software
ljishen,SmartNIC-WU
KoyoteScience,fret-ferret-paper
seanpm2001,SNU
icaros-usc,dqd-rl
jonacappelle,nRF52-BLE-IMU
SoftwareUnderstanding,SOMEF-Vider
inviwo,inviwo
farivarlab,ModifiedVanLoonModelSims
sslab-gatech,Rudra
samharrison7,json2netcdf
noaa-oar-arl,monet
chandrikadeb7,Face-Mask-Detection
nishad,omeka-s-wikidata
QIMP-Team,MOOSE
m-zakeri,iust
syjgino,DataInspectGUI
dougrichardson,Richardson
jonassjuul,TestTraceTradeoff
SSIML2021,SSIML2021
GregorySchwing,globins
th-koeln-intia,intia-theme
kit-data-manager,testbed4inf
psernatorre,Lossy-DCOPF-with-an-accurate-modelling-of-Li-Ion-batteries
blas-ko,b84
tovacinni,neural-fluid-fields
seanpm2001,Linux
testingautomated-usi,uncertainty-wizard
LoveForGingers,SquidGameProbability
seanpm2001,SeansLifeArchive
HanshaLeng,hedy
maelle-v,FitOCT-preprocessing
loreabad6,KaikouraDammedLakes
kconnour,PyUVS
zongzi13545329,PINNS
bmxitalia,LTNtorch
TNO-MPC,encryption
rocha02,template
molstar,molstar
zbmed-semtec,bioschemas-github-markup-example
shenyi0220,mmdetection
GitZWH-hub,DeepLearning
healthbadge,episimmer
stroblme,hqsp-stqft-data
Suraj1127,nepali-roman
stdrr,AML-Final
oemof,oemof-network
cau-riken,zaviewer
ICEI-PUC-Minas-PPLES-TI,plf-es-2021-2-ti3-6654100-tis-3
ningyixue,AIPI530
johnsamuelwrites,johnsamuelwrites.github.io
HT-hlf,mmdetection
tweber-ill,ill
schnitzer-lab,extract-wip
cvieiram,learnRResources
daviddiazvico,scikit-datasets
ArianePinche,coursTNAH
nlesc-recruit,cudawrappers
NatureGeorge,ResNetPPI
oberstal,pfGO
BranniganLab,safep
tp5uiuc,soft
nasa-cisto-ai,terragpu
reinterpretcat,vrp
briandfoy,github
HTR-United,lectaurep-repertoires
Terryqqy,PyFTPT
luispedro,mahotas
mhmtbk,Web-NDefA
JustWhit3,my-scripts
catalystneuro,nwb-conversion-tools
bali-ibrahim,sorter-comparison
SCECcode,cvmhlabn
hnguyen19,Template
amuck-gorilla,omnibus-exhaust
PINetDalhousie,netpixel
vladimirvig,ngs-ig
Sydney-Informatics-Hub,Fastq-to-BAM
jianshu-du,cura
DBHammer,dbhammer.github.io
moshi4,GBKviz
colindean,fillertext
amob,amob.github.io
frankfarach,npi
Nanotekton,targeted
SENSES-Lab-Sapienza,ns3-woss-docker
JustWhit3,arsenalgear
sabeesh90,Multimodal
OnroerendErfgoed,skosprovider
fernandobperezm,ecir-2022-an-evaluation-of-GAN-for-CF
Accenture,AIR
extratone,TextExpander
PSL-Chartes-HTR-Students,TNAH-2021-Expositions
devalk96,Thema09-JavaWrapper
agkuba,JVandMPPT
Doctorado-ML,Odte
Interlin-q,Interlin-q
davidsneighbour,hugo-matomo
jlumbroso,affirmative-sampling
pymeasure,python-lab-automation-landscape
rOpenSpain,CatastRoNav
psurana24,psurana24
NLeSC,teamwork-for-research-software-development
tumaer,ALPACA
DannyLeWasTaken,Physics-IA
evolphotonics,bbandAgmodel
unwitting-life,unwitting.life
ygalanak,ReviewerTemplates
hgilles06,AfroTranslate
th-koeln-intia,intia-prod
aothmane-control,Algebraic-differentiators
jemand771,test
JonasFreireAlcantara,community-detection-research
kit-ifv,trip-diary-interactive-map
geospace-code,h5fortran
santosmota,DSCdq
seanpm2001,SeansLifeArchive
ewallace,tidyqpcr
LatinR,presentaciones-LatinR2021
JimKing100,PrivacyHistos
aouyed,3d-amvs
QIB-Sheffield,mdreg
ekiwi,rtl-fuzz-lab
oskarsh,Controlling-Generative-Systems-with-Audio-Signals
datacite,maremma
Swarm-DISC,fun-with-swarm
benjaminpeet,configurationsofhigherorders
fortran-gaming,blocktran
shfischer,MSE
mtpsa,P4-NetFPGA-MTPSA
bgonzalezbustamante,twConstitution
saswataroy1987,gDART
rodluger,showyourwork-template
openml-labs,gama
eclipse,repairnator
kbaran1998,energy-comsumption-project
hagelborn,transformers
munterfi,glacier-flow-model
NTIA,p528
borkdominik,bigER
agarsev,visse
johnnv1,CCAgT-utils
complexdatacollective,Architect
aehrc,pathling
ResearchObject,ro-crate-py
masterdatascience-UIMP-UC,predictaas-api-server
Kenzo450D,Prioritized
Shape-Fragments,pySHACL-timers
RGZM,ceramictypologies-lod
sty16,cell
EDIorg,EDIutils
ChristophReich1996,Multi-StyleGAN
GooglingTheCancerGenome,sv-callers
allixender,dggs
ttkaixin1998,pikachupythongames
manuel-rhdt,PathWeightSampling.jl
cpp-lln-lab,CPP
luziatrinca,variance-dispersion
NickleDave,evfuncs
ROBAS-UCLA,Brushing-Behavior
dCantonE,FrequencyAnalysis
brmatvey,xml
PyFlightCoach,PyFlightCoach
RyosukeHori,mmsegmentation
KadekSatriadi,HierarchicalMaps
maomlab,CalCEN
belle2,basf2
sebastianzwickl,NoCopHH-mod
webdevelopersbc,ohif
laserkelvin,astrochem
ddebby,debug
fieldtrip,fieldtrip
matuteiglesias,IPC-Argentina
nnthanh2307,TensorFlowPi
PSL-Chartes-HTR-Students,HN2021-OCR-Poesie-Corse
genometube,genometube.github.io
LLNL,axom
jmetteUni,CoTeDe-modified
LIMO-EEG-Toolbox,limo
tombisho,dsSyntheticClient
ZephyrII,mmpose
YuBeomGon,mmd
AvivYaish,SMTsolver
samharrison7,bioturbation-model
ndaniyarov,CS325-Project
salu133445,bmusegan
twni2016,f-IRL
AlexTheBad,AP-10K
openmopac,mopac
The-Academic-Observatory,observatory-platform
DaniCelis25,calendar-and-cycle-aging
eperrier,quant-geom-machine-learning
asjadnaqvi,DiD
IgWod,low-precision-nnd
LinxZhao,Modelling-Co-located-Team-Communication-from-Voice-Detection-and-Positioning-Data
RSMI-NE,RSMI-NE
friedrith,websites-screenshoter
jdestefani,MM4Benchmark
Thaimaster,Image
9haeng,ds-section4-project
Sobhan10100101,3omega-method-signal-conditioning-circuit-PCB
lisc-tools,lisc
bkuhlmann,sublime
martijnbroekman,image-segmentation
jobovy,galpy
FLAMEGPU,FLAMEGPU2
Adityavyawahare,PICT-DravidianLangTech-ACL2022-NMT
danielvilasgonzalez,SS
baxtree,subaligner
Thanh-Hoo,MMOCR-copy
phenology,cgc
Ferrite-FEM,Ferrite.jl
lootie,Slepians.jl
spatmus,alps
extratone,amanda
rahulagrawal048,transformers-for-vision
mmore500,hereditary-stratigraph-concept
ThomasMGeo,LewisML
libdist-rs,libchatter-rs
HVAC-in-industry,HVAC-control-schemes
hunzhiwange,queryvue
NSLS-II,edrixs
mauroccm,imgAnalysis
docuracy,Locolligo
aphalo,photobiologyLEDs
alan-turing-institute,Palaeoanalytics
tz05,FEEr
anabcoelho,V.choleraemetabolism
Joscolgan,sphaerularia
biomechanics-hlrs-gebert,M-ROT-Rotational-Tensor-Optimization
mtf-wiki,MtF-Wiki
bkuhlmann,navigator
AlarithUhde,Social-Practice-Silhouettes-Set
SciKit-Surgery,scikit-surgerytrackervisualisation
WU-BIMAC,4DNMetadataSchemaXSD2JSONConverter
NorthernWidget,MaxBotix-Helper
ulelab,cv
pytorch,benchmark
dimitra-maoutsa,DeterministicParticleFlowControl
frgfm,torch-cam
unipept,unipept-visualizations
ErisonBarros,BR104
puzzlef,pagerank-dynamic-handle-dead-ends
f74066357,VRDL
atomec-project,atoMEC
hongwz,Automatic
zjunlp,DeepKE
patrickmon38,n2o-isotope-model
seanpm2001,Camera-privacy-specification
seanpm2001,DIFFicult
kopatri,cs5099masterthesis
The-Academic-Observatory,zenodo-test
michaelbaluja,PyCurator
CVPR2022-911,PPH
ygalanak,UKpostcodes
cdrcybr,STI-Thesis
VincentMeilinger,BayesianOptimizationEIpS
rOpenSpain,CatastRo
lauraluebbert,grubClub
ZsichlaLevente,IFR-Shift
isaac-kl,CVF-Measurement-suite
RenanMoraesCardoso,Projeto
ulassbin,rosbag
nikopech,lineagespot
bkuhlmann,tocer
willu47,fao
IR-SearchEngine,Search-Engine
keonlee9420,Cross-Speaker-Emotion-Transfer
GusRiva,testground
predictive-analytics-lab,EthicML
DLR-RM,BlenderProc
Pinzauti,timing
remlapmot,ivonesamplemr
evoldoers,biomake
puzzlef,pagerank-incremental-adjust-ranks
sappelhoff,ecomp
MignonDeveloper,lesion-detection
alaturka,windows
qcoopman,minipro
williamstoy,microfluidics-inertial-lift
tyler-m-roberg,Dewesoft
tnecnivkcots,pyiron
romanaduraciova,nextflow-jobs
PanosEconomou,LXe-Phonon
HTR-United,lectaurep-bronod
mcenv,mce
ICB-DCM,parPE
ModellingWebLab,chaste-codegen
lukasHoel,3rscan-triplet-dataset-toolkit
catalyst-cooperative,pudl
avinotec,Stundenplaner.FHE
smcameron,space-nerds-in-space
adasco2022,act
quantum-ods,qmlcourse
Eomys,MoSQITo
jkeune,hamster
RGLab,rcellontologymapping
deepaksinghcv,Eval
mundialis,actinia
learningmatter-mit,uvvisml
lvluna,landslide-seasonality
MatterBaby,ENGS90
HenrikMidtun,AuctionFog
oren11,Isca
jplimagomes,projeto
snowex-hackweek,website
cau-se,titan-ccp-sensor-management
jgy4,d3rlpy
noemieplanat,Copy-parcels-master
Arexh,SLAM-Benchmark
igordot,sns
erdogant,pca
nikito060195,Chaos-and-Attractors
ICEI-PUC-Minas-PPLES-TI,PLF-ES-2021-2-TI1-7946100-site-fake-de-roubo-de-dados
matthiasfabry,tidal
mkeutgen,GeoPT-thesis
puzzlef,pagerank-cuda-optimization-skip-converged
joycenerd,mmdet-nucleus-instance-segmentation
gkanogiannis,D2S-tools
basedosdados,mais
scRNA-tools,1000-tools-paper
OSOceanAcoustics,echopype
LasseWolter,laughter-detection-icsi
ami-iit,paper
scale-lab,DRiLLS
maryamekhlasi,flask-example
entangled,entangled
Matthijnssenslab,ViPER
bon,citation-test
rOpenGov,giscoR
lec71,SeaChangesOsloWorkshop21
bids-standard,pybv
philipdarke,ukbb-ehr-data
J-Rebs,J-Rebs
sbhattacharyay,ordinal
SietzeN,glottospace
shendric,pysiral
engisalor,sketch-grammar-explorer
VulRepairTeam,VulRepair
extratone,iOSSystemSounds
chenzibin2019,docker
ICEI-PUC-Minas-PPLES-TI,plf-es-2021-1-ti1-7924100-Breathe
maxbbraun,thermal-face
moshi4,COGclassifier
mellux-project,melluxdrc
krishnamoji,12C-alpha
jc271828,Chen2022
ulelab,peka-eclip
IdahoLabResearch,HydroGenerate
yoshikisd,IceScanner
agnwinds,python
SRI-International,QC-App-Oriented-Benchmarks
lee-gwang,anomaly-detection-2
Emotional-Text-to-Speech,dl-for-emo-tts
dmgodino,Material
openmc-data-storage,openmc
fbagci,vision-deployment-framework
Haichao-Zhang,test
solarchemist,photoec
EleutherAI,gpt-neox
classifier-calibration,PyCalib
gbnegrini,freesurfer
emdgroup,tnmf
MiriamCobo,BrainGut-WineUp
ArianePinche,warsawWorkshop
Sydney-Informatics-Hub,Somatic-ShortV
agnes-riviere,calibration
cmbarton,ProxyModeling
karthikgvb,BTP
tnelsen,Drone-Data-in-Agricultural-Research
ryanxingql,rbqe
balouf,gismo
uob-positron-imaging-centre,Coexist
JarronL,pynrc
DavidBlairs,gapackage
rohankumardubey,flameplot
andreasvc,udstyle
benedikthth,BreathFinder
emma-model,EMMA
SISVSE,mmsegmentation
d-SEAMS,seams-core
DLR-RM,RAFCON
zmlabe,SAI
rOpenGov,rogtemplate
PhilipdeRijk,KD
LandscapeGeoinformatics,adapt
camilbancioiu,mbtk
imai-ry,lidardrivers
gosling-lang,gosling.js
PMEAL,porespy
maxrmorrison,psola
burkesquires,rbs-website
guni1192,sprofiler
JelenaBanjac,microbiome-toolbox
tum-gis,rtron
fideism,gitee
julsraemy,linked
xyz38324,master
sabyasachee,mica-profession
luislizcano,gee-atmcorr-py6s
lascivaroma,exemplier
inbo,multimput
ICEI-PUC-Minas-PPLES-TI,PLF-ES-2021-2-TI1-7924100-adocao-de-animais-1
clulab,processors
i3games,hen-timeline
cau-se,titan-cc-anomaly-detection
NachiStern,OutOfEq-Coupled-Learning
briandfoy,tie-boundedinteger
Alesyrex,Skillbox
erdogant,googletrends
euiraekim,dacon-lesion-detection
SwanseaUniversityMedical,multimorbidity
bycycle-tools,bycycle
MonssafToukal,SolverParameters.jl
ar4,agdeblend
traffic-refinery,traffic-refinery
The-Academic-Observatory,oaebu-workflows
DynaSlum,satsense
echille,Mcapitata
inwaves,climate-surrogate-model
PSL-Chartes-HTR-Students,HN2021-Memorials
kffl,gocannon
gwendoux,dotfiles
pch5099,min
shendric,dateperiods
PyPSA,PyPSA
Infant83,VASPBAUM
var-mar,circular
LariCury,Larissas
bgonzalezbustamante,demo-regularisation
silveira-lucas,Nonlinear
se-jaeger,data-imputation-paper
xjtuchenchao,mmdetection
markus-kivioja,GpuDecGpe
iqusoft,intel-qs
rctzeng,NeurIPS2021-Fast-Pure-Exploration-via-Frank-Wolfe
PayneLab,cptac
bkuhlmann,auto
kechtel,ericsson
SegmentationBLWX,sssegmentation
lab-archeologia-digitale,BraDypUS
highmed,highmed-dsf
biaslab,AIDA
ginop,reconchess-strangefish
lauraluebbert,confocal
casus,mala
nwlandry,time-dependent-infectiousness
specifysystems,lmpy
erdogant,undouble
ceci4323,FOCAL
ariroffe,logics
koeppl,skylinebreaker
rjones30,Diracxx
ArmaanAhmed22,gRNA
JaGeo,LobsterPy
JuliaDataScience,JuliaDataScience
tami64,BinBRO
ulelab,peka
dieghernan,cfftest
SciKit-Surgery,scikit-surgerybard
josersinacio,EnceladusBigData
williamsdrake,williamsdrake.github.io
wdika,mridc
carlesfernandez,gnss-sdr
bkuhlmann,docker-alpine-base
marekdedic,EduNetsUrl.jl
Kim-jy0819,mmdetection
evildmp,diataxis-documentation-framework
martijnschouten,lab-equipment-matlab-drivers
vertesy,CodeAndRoll2
AlbinSjoegren,SPV
Alesyrex,Skillbox
phiyodr,building-inspection-toolkit
qhb2015,detection
mcagriaksoy,wlcssCUDA-template-matching
Global-Biofoundries-Alliance,pipette-show
bkuhlmann,gemsmith
lechenyu,OverheadEstimate
cau-se,titan-ccp-frontend
wangsiqidahaoren,Rmove-method
wxzh,CP
crguezl,learning-vue-geting-started-guide
SyngnathZ,DeepKE
qantik,skinny-dipping
sublatelog,mmdetection
yuvrajselvam,model-pitfalls-dl
innat,BraTS-MGMT-Classification
vsumaria,Pt
alexeyev,glyphnet-pytorch
AIS-Bonn,sl-scenes
Echtzeitsysteme,iflye
ana-bernal,self-Mullineux-SUBS
hsbadr,HiClimR
bbdaniels,stata
puzzlef,pagerank-cuda-optimization-skip-chains
yatiml,yatiml
RIOT-OS,RIOT
qwerty239qwe,scTenifoldpy
jonperdomo,openmht
sebasj13,TopasGraphSim
LatinR,presentaciones-LatinR2019
Leskur,beau-draw
stilist,drjohndee.net
robert-swanson,Preference-Specification-Language-Prototype
asifgit,rectification-of-location-prediction-vehicles
loostrum,arts
hnguyen19,AMATA-fecundity
rchak007,deep
deepmsweb,deepmsweb
qanastek,ANTILLES
Shen0000,Huggingface-DeBERTa
OpenWaterAnalytics,pyswmm
ydiller,NoMoreNMS
kandula92,testing1
EarthToMooney,CpHMD-of-K2-PH
esi-neuroscience,acme
globus-gladier,gladier-client-template
Cmput416F21,PyGlueTokenizer
correspSearch,csHarvester
KJK-group,AMR-HW1
HCMUS-ROBOTICS,ssdf-datasets
automl,SMAC3
KayakDov,CoupRliec
extratone,fuck
ICEI-PUC-Minas-PPLES-TI,PLF-ES-2021-2-TI1-7946100-digitavac
ropensci-docs,cffr
Bo396543018,Picodet
online-behaviour,machine-learning
IT-gMA,trash
tweber-ill,ill
mosdef-hub,mbuild
Lucas-Nieto,Laboratorio
EFS-OpenSource,OSC-Generator
knowgoio,knowgo-vehicle-simulator
SaminGroup,Dolezal-SlabGenerator
ARDG-NRAO,plumber
moshi4,ANIclustermap
tweber-ill,ill
ngoctuan96tn,Artemis
tum-i4,CIS-Benchmark-Evaluation
arthi-t,mmsegmentation
FamilyOfficeOrg,whitepaper-template
QCmonk,SQST
fkodom,fft-conv-pytorch
briandfoy,net-publicsuffixlist
jgalanl,mth-back
joshlengel,ExtendedEssay
erdogant,distfit
Waterman0524,2022-Aliyun-Tianchi-Real-Scene-Tampering-Image-Detection-Challenge-Rank1
ceff-tech,ffc
lewiuberg,visual-automata
FreEM-corpora,FreEMnorm
grotius-cnc,hal-core
ShotaKameyama,ssd
facebookresearch,torchdynamo
drone-vision,NITRDrone-Dataset
dougiesquire,Squire
JIA-ss,OpenGL-Render-Engine
NickleDave,compare-seg-models
koeppl,idron
xHayden,osu-regression-math-ia
dftlibs,numgrid
sjvrijn,mf2
OpenFreeEnergy,openfe
cognitiveailab,tg2021task
OscillationMethods,Site
PabRod,daylight-charts
ds-test-framework,scheduler
slcs-jsc,mptrac
farr,KDEMarginalization
bvhpatel,test-fairshare
heihuifei,MyMMDetection
theresearchai,aipi
afpastorio,ERRC-2021
StefanoDeAngelis,SMEFT-operators
neonbjb,tts-scores
PuSho4Ek,32.5.3
Distancia-COVID,Distancia-Covid-Open-Data
KrushHub,Visual
pkuzzq,paper
pscedu,singularity-diamond
lukapecnik,NiaClass
tudasc,MetaCG
goucher-ml,2021-Fall
Ceyron,machine-learning-and-simulation
burghoff,Scientific-Inkscape
Mtortolani,3W-Anomaly
hsbadr,bayesian
infoqualitylab,Scopus
XQP-Munich,LDPC4QKD
QuadCtrl,quad-ctrl
mpimd-csc,mmess
SciKit-Surgery,scikit-surgeryimage
EzSylester,owasp-mstg
Swarm-DISC,FAC
ICEI-PUC-Minas-PPLES-TI,plf-es-2021-1-ti3-6653100-agendamento-de-consultas-medicas
jdestefani,UEMTS
jckantor,Siemens-Star
giacomozanatta,pagerank-hits
jordan-melendez,quantum-emulator-examples
mikegrudic,MakeCloud
UNSW-codeRs,geospatial-data-in-R
pamigor,Project
zachtyll,R7003E
FelixHenninger,lab.js
deiruch,SATInterface
Socrats,EGTTools
pamitabh,Zebrafish-Image-Segmentation-ML
CrowdStrike,omigo-data-analytics
ShimaN19,Hybrid-U-Net
CamelClarkson,Morphed-Face-Detector
morfix-io,node-seal
erictleung,pixarfilms
MarkHershey,Multimodal-NFT
ready4-dev,aqol6dmap
zhaodeezhu,drawio-node
hrl-team,Data
utec-cs-aed-2021-2,proyecto-grafos-proyecto-6
DurhamARC,classroom-abm
twitter-research,multilingual-alignment-tpp
salubinseid,mobility-aware-caching-iov-icn
quarto-dev,quarto-cli
IkonOne,tpmsModeller
PAMepi,PAMEpi-Reproducibility-of-published-results
mvfbarrionuevo,PyAdjust
fluves,pywaterinfo
openskope,skopeui
ready4-dev,ttu
ropensci,handlr
ThomasBury,arfs
goblint,analyzer
IBM,SCLPsolver
bkuhlmann,git
AlvaroNovillo,Determination-of-the-fractal-dimension-of-an-in-vitro-neural-network
DICE-VISION,dice-mmcls
ami-iit,paper
IyatomiLab,CE-CLCNN
LarsV123,it3010
AAIR-lab,DAAISy
boostcampaitech2,final-project-level3-cv-15
MathewBiddle,coawst
harshraj22,vqa
kiperry,Arthropod
PratyushRogers,drawio-collabnow
marekdedic,MilDistances.jl
mhucka,devonthink-hacks
LukaThorn,ml-weight-fraction
cwida,duckdb-pgq
phdinhquy,BlockChainVoting
LABHDUFBA,redhbr
Omarzintan,cmc-dining-repo
marekdedic,BP-presentation
nikku1234,Code-Practise
ltl-ude,inceptalytics
fAndreuzzi,BisPy
FAMILIAR-project,familiar-language
BatoolMM,RSE-Book
zishengz,gocia
ondesly,json
davidycliao,redguards
EyckBlank,EB
SupervisedStylometry,SuperStyl
sunxb05,PyFrag
davidsneighbour,hugo-netlification
SobhanNiknam,ttsp
patsatzisdim,CSP
aphalo,ggspectra
abelsiqueira,faster-python-using-julia-blogposts
hornetfighter515,dist-iot-net
MengFanxing1223,swin
HARCOinhy,harcoinhy.github.io
caltechlibrary,commonpy
ElenaChernaya,Task
itsee-birmingham,collation
ShuJiaLab,3D
mabelcalim,SpecDiag
e-mental-health,orange-hackathon
sota-joson,KE-RCNN
yardencsGitHub,tweetynet
usk92,Floodplain-Inundation-Calculator
mosdef-hub,foyer
biavillasboas,BroadbandSpectrum
vproc,vicuna
baharalidurrani,celltime
ryanjsfx2424,ComputationalFluidDynamicNFTs
enri-ca,AMSHistorica
facebookresearch,nle
PhilippJunk,homelette
chriswaudby,NMRTools.jl
sjvrijn,multi-level-co-surrogates
mgemath,AtiyahBott.jl
carlesfernandez,oe-gnss-sdr-manifest
KennthShang,HostG
sgibb,MALDIquant
kaliprescott,CSUMB
LibtraceTeam,libtrace
fkie-cad,socbed
caltechlibrary,eprints2bags
ghammad,pyActigraphy
brianhill11,ABPImputation
leo4812,ArduinoLabTemplate
dna-storage,ncomm-file-preview
seanpm2001,SeansLifeArchive
tbrown122387,pfexamplesinr
berbl-dev,berbl
gallantlab,pycortex
kostas1515,LongTailActivations
xisphias,LAKE2.0
ncsu-geoforall-lab,rapid-dem-binder
HikariBoy,Adri-Ardu-Scope
aphalo,photobiologyInOut
pat266,question
marekdedic,MilDatasets.jl
ranndip,project
glotzerlab,signac-flow
gkanogiannis,WorkFlow
cytomining,cytominer
pydata,xarray
aphalo,ggpmisc
wigging,biocomp
FAIRDataPipeline,data-registry
gabrielkim13,json-logic-cpp
franneck94,UdemyCppPro
luomus,finbif
SciKit-Surgery,scikit-surgery
Mosquito-Alert,sampling
espenmei,VCModels.jl
AndreasbCS,DLV
kandula92,testing
LasseWolter,honours-project-21-22
ameen-mcmxc,DS-Lite
moonfruit,gnu-parallel
akhilshekar4991,fulcrum-analytical-tool
fernphy,ftolr
ORNL,AADL
clopnaz,mic-vib-matrices
zmlabe,predictGMSTrate
ukfires,probs-ontology
fairdataihub,SODA-for-SPARC-Docs
puzzlef,pagerank-adjust-rank-datatype
govertb,GPUGraphLayout
96Asch,Music-Chart-Visualization
basakbircan09,EmotionDetection
ooipy,ooipy
Helmholtz-UFZ,saqc
314dev,PI
JeschkeLab,DeerLab
ddsjoberg,gtsummary
rjones30,HDGeant4
kopi22,coddifier
rasd3,mmdet3d
kbelisar,datalark
OldScripter,Task
vifremel,ECE717
rsdoiel,widgets
j-i-l,MajorTrack
NLeSC-AAA2,ibverb-prototype
sparsh-ai,recohut
mpfl,nudis
xgcm,xhistogram
HTR-United,htr-united
NeoMapas,analysis-fototrampeo-lagunillas
lodubay,galactic-dtd
KTsakogiannis,NTUA
kylerobots,ground-texture-sim
Liu-group,AutoSolvate
warint,Req
cake-lab,CremeBrulee
seanpm2001,SeansLifeArchive
jtfeld,gestationlength
fides-dev,fides
akautt,akautt.github.io
JulianLiao,Planning
viswambher10,fair-code
XGX-CURRY,pyprobml
wjm41,molplotly
tpronk,splithalfr
frankfsa6,MicroarreglosDNA
the-cognitiveservices-ninja,the-cognitiveservices-ninja.github.io
amishera,first
hanqiluo,BRINDA
th-koeln-intia,intia-portal
gahjelle,pyconfs
aaronm-2112,zenodo-test
seanpm2001,SeansAudioDB
james-d-pickering,SFG
RGZM,ars-lod
jonchang,tact
Grain-Cropping-Systems-Lab,UC-Small-Grain-Seeding-Rate-Calculator
aldma,HALeqO.jl
naru-T,2021GISciClass
nano-optics,terms
puzzlef,pagerank-handle-dead-ends
Narcooo,MajxMMseg
wineslab,colosseum-scope
msmobility,mito
psarkhosh,Stoker
CenterForAssessment,SGP
aboestpetersen,icesat2
ygalanak,WPEcon
Intertangler,spatial
ZeroG-lab,PFCaMPARI
nickwkoning,NOS
steven-lang,simple-einet
Corey4005,ESIExtractProject
decarsg,pykoop
caltechlibrary,eprinttools
Doodleverse,dash
CN-UPB,FutureCoord
kimbring2,MOBA
TRoboto,Maha
ItsSkynet,drawio-for-collabworkx
OldScripter,Task
aldma,qpdo
sammmlow,quadrant
enjoysmath,Sopot
techiaith,lecsicon-cymraeg-bangor
UF-CISE-Computational-Neuroscience,Spike-Triggered-Descent
marvinm2,AOPWikiRDF
PradeepNalluri,Prefix-Tuning-Bert
emablanco,seguridad-microsoft
silieslab,C2C3
ICEI-PUC-Minas-PPLES-TI,PLF-ES-2021-2-TI1-7946100-republicas
Sydney-Informatics-Hub,Germline-ShortV
bharathbolla,Casting
inbo,INBOmd
RenzoCab,Simulation-Gear-Belt
gkanogiannis,CGH
wehr-lab,autopilot
APPFL,APPFL
stephane-caron,capture
mscroggs,symfem
gederajeg,lingvan-voice
RamiresOliv,Easy
jonlighthall,thesis
SciKit-Surgery,PythonTemplate
iandinwoodie,pdbs-data
KutukovVitaliy,HomeWork32
shadowlerone,ESP
fraunhofer-iem,dodo-database-service
UtrechtUniversity,SWORDS-UU
FowlerLab,Enrich2
bgonzalezbustamante,chilean-undersecretaries
nguyenign,MassivePotreeConvertor
AndreasPrein,NAM
WU-BIMAC,MicroMetaApp-Electron
SunnyAVT,visually
natir,fpa
Lucaterre,semanticat
ConorMacBride,mcalf
kamermanpr,gabapentinoids
bestzy6,kiekerSQL
marionkp,dementia
biaslab,AIDA-data
biomechanics-hlrs-gebert,I-CIF-CT-Image-Filter
sicara,easy-few-shot-learning
sappelhoff,ecomp
sukrutrao,Fast-Dawid-Skene
seanpm2001,Degoogle-your-life
Amik-TJ,cse
sebastianzwickl,downscaling-paper
Jessmin,mmdetection-Competition
kit-data-manager,pit-service
erdogant,clusteval
aadler,revss
seanpm2001,GitHub
SFB-ELAINE,STELLA
garestrear,poligonal
labscript-suite,labscript-suite
FSEC-Photovoltaics,pvrpm-lcoe
mpi-astronomy,mpia-python-template
shibing624,similarity
ICG14,CiliaryMuscle
swsoyee,2019-ncov-japan
hothman,text
IMAGO-Catalogues-Jjanes,TEIcatalogs
aphalo,ooacquire
akcochrane,ACmisc
vnmabus,dcor
causalincentives,pycid
biaslab,AIDA-app
shenyi0220,mmcv
ilastik,ilastik
simonjackman,sportsbet
atrisovic,update-cff
le1nux,mlgym
Lizeth-Ariz,RegulonDB-DTT
periodo,edtf-ontology
scipion-ed,scipion-ed-dials
cvxgrp,scs
cbouy,mols2grid
AfonsoSalgadoSousa,catbird
seanpm2001,SeansLifeArchive
FAIR-data-for-CAPACITY,FHIR-to-CAPACITY
awickert,uxbenka-river-water-supply
SNMS95,tensorflow
BYU-PRISM,GEKKO
fairdataihub,SODA-for-SPARC
openml,openml-python
Ellison0920,lab-website
fusion-energy,openmc-plasma-source
minouei-kl,mmhtc
bencevans,camtrapml
Joel-mq,comp3100
eeveetza,p528
UCREL,pymusas
AvivYaish,KhetAI
miguelrgranda,verbose-octo-invention
ghurault,HuraultMisc
FelipeEiji,resize-images-matlab
jeremylt,LFAToolkit.jl
seanpm2001,SNU
burnsajohn,predictTrophicMode
wangyunpengbio,chestXray-cls
baharalidurrani,material-domain
ekgren,open-optimizers
bkuhlmann,rubysmith
rgerum,pylustrator
fusion-energy,dagmc
allixender,swatpy
SeldonIO,alibi
puzzlef,pagerank-adjust-damping-factor
jmafoster1,efsm-sal
swegger,SE
OscillationMethods,OscillationMethods
Yuang-Deng,memory
Transparency-in-the-non-profit-sector,np-transparency
edwardptera,SHIMIA-Gravimetrico
cameronchoi,r3det-merged
iPriest001,mmdetection
ocbe-uio,RCFF
CSQ223,constrained.shortest.path.problem
jackyoung96,gym-pybullet-drones
drosophominin,omega
tami64,BinBRO
alkaline-ml,pmdarima
openmc-data-storage,isotope-xs-plotter
nataliesmith123,pub-code
ForumGISUW,SettlementPatternTools
alisonrclarke,reproducible-qgis
violeteloiv,Extended-Essay-Files
cafoala,diametrics
ArianePinche,EditionLiSeintConfessor
SoftlySplinter,kyffin-digital-analysis
kriskwiatkowski,pqc
NickleDave,vak
piluc,jBrain
NewMaterialsLab,hiPhive
nikku1234,Learning
bjmorgan,kinisi
vsitzmann,awesome-implicit-representations
OldScripter,Search-in-files
OpenFreeEnergy,ExampleNotebooks
bkuhlmann,refinements
AmitMolek,confmaster
llrs,BioCor
GenericMappingTools,gmt
nickmckay,past-and-future-warming-comparison-figure
xyy313,OpenPrompt
BlueBrain,NeuroTS
lumen-org,modelbase
tbassman,CMS-evaluation-paper
icg-cat,eu-silc
epfl-lasa,crowdbot-evaluation-tools
obsei,obsei
HelikarLab,FastqToGeneCounts
RehabAUmc,modys-video
llorracc,EpiExp
SoClear,soclear.github.io
WarwickCDI,workshop-networks-a-skillsworkshop
AIS-Bonn,vp-suite
davidsneighbour,hugo-search-algolia
bubibon,AI
rkupffer,ExploratoryAnalysesCRinMFC
bernd-mueller,snoke
iandol,opticka
kguo-sagecode,srg-edge-coloring
gilma3222,AI-Based-Cell-free-Scheduler
nhtlongcs,AIC2021-TheFirstSwans
ME-ICA,rica
ICEI-PUC-Minas-PPLES-TI,PLF-ES-2021-2-TI1-7946100-violencia-contra-mulher
bpfverif,tnums-cgo22
mhucka,zowie
CentroGeo,HierarchicalGeoClustering
saifkhichi96,bcsd
neelsoumya,public
MarcoGorelli,bornly
berquist,pyresponse
minouei-kl,mmseg21
seanpm2001,seanpm2001
openagua,openagua-engine
pyvista,pyvista
kneron,MMDetectionKN
Lakens,statistical
ICEI-PUC-Minas-PPLES-TI,PLF-ES-2021-2-TI1-7946100-educacao-financeira
JelenaBanjac,protein-reconstruction
OnroerendErfgoed,pyramid
DouweHorsthuis,Flanker
rchadwickholmes,geothermal
humbertovarona,CalcPlotAnomaly
aquirosr,DyCors
SilviaLazzardi,Emergent
scholarly-python-package,scholarly
QUT-Digital-Observatory,coordination-network-toolkit
pangeo-data,climpred
Morphclue,digimon-world-survey
florisvb,PyNumDiff
edalarconb,EmpiricalEvidence
knowler,knowlerkno.ws
laurenstreet,DM
salrodgom,flama
LahbabiOfficial,arabic-php
alpha-asp,Alpha
liziru,openi
seanpm2001,BlazeOS
pdhara4433,mmd
CLOSER-Cohorts,archivist
cau-se,titan-ccp-common
pgaspar96,BC66-TE-B-Arduino-Data-Collecting
nltk,nltk
solarchemist,preprint-repro-jpcc2020
fmi-basel,LSTree
MahirMahbub,Contextual-Spell-Checker-For-Bangla
mark-semelhago,GMIA
Azeot,ICELAB-data-collection-authorization
softwaresaved,introduction-to-software-management-plans
christinahedges,contaminante
layerfMRI,LAYNII
victorjesusamoresmedianero,PSplines.jl
FoNDUE-HTR,FONDUE-FR-PRINT-16
brains-on-code,CodersMUSE
ccp-eva,eyewit
NERC-CEH,nanofase
jboynyc,textnets
ready4-dev,scorz
benvanwerkhoven,kernel
hcigroupkonstanz,STREAM
datoviz,datoviz
jbakse,p5.party
decile-team,cords
myforkmachine,pyprobml
diego-hayashi,fenics
nsalminen,HMDRemoval
morphometry,karambola
phyloref,jphyloref
hipster-philology,flask
SparcLab,X-DeepSCA
Alice-Norris,CS-320-Project-One
Morphclue,bachelor-thesis
qclib,qclib
danleonte,Ambit
reizio,reiz.io
OceanParcels,parcels
clauseggers,Playfair
ucl-tbr-group-project,sampling
fwilhelmi,blockchain
billyjov,microfrontend-resources
stella-project,stella-server
trngpg,openfold
erdogant,hgboost
ICEI-PUC-Minas-PPLES-TI,PLF-ES-2021-2-TI1-7924100-criptomoedas-2
ni1o1,transbigdata
Swarm-DISC,SwarmX
KayakDov,An-Algorithm-for-Trees-a-Generalization-of-Distance-Domination
Adapter-Hub,adapter-transformers
ICAMS,calphy
GAA-UAM,scikit-fda
moshi4,FastDTLmapper
SISVSE,mmdetection
gallantlab,pymoten
RangamaniLabUCSD,Mem3DG
FAIRplus,fairplus-sdf
vaneseltine,nominally
bridgedb,InteractionDB
fusion-energy,stl
giakou4,pyfeats
lab-archeologia-digitale,BdusApiPhpClient
nialov,tracerepo
lperozzi,dash-tutorial
zjunlp,DocED
ICEI-PUC-Minas-PPLES-TI,plf-es-2021-2-ti4-0658100-corpoclinico
ralfroemer99,Robothon
foerstner-lab,READemption
bgonzalezbustamante,quant-methods-elites
BobbyLiukeling,java
ardimasp,owcsimpy
hzhou,MyDef
ahp-electronics,xc-firmware
Peter-E-Martin,HeCalc
front-matter,briard
iPriest001,my
patrikhuber,eos
Ike-G,dpsSims
ls1intum,Apollon
biosimulations,biosimulations
askoj,graph
castelao,GSW-rs
snijderlab,stitch
ackermannluis,U
sublatelog,mmsegmentation
KAKA-naruto,ML-model
ICEI-PUC-Minas-PPLES-TI,PLF-ES-2021-2-TI1-7946100-crimes-ciberneticos-03
ChristophReich1996,OSS-Net
seanpm2001,Degoogled
brucethemuce,compressibleMultiphaseInterFoam
nbouziani,seismic-inversion
ICEI-PUC-Minas-PPLES-TI,plf-es-2021-1-ti1-7924100-adocao-de-pets-em-bh-uaipets
rivaquiroga,phyaml
daniellerch,aletheia
fernphy,ftol
sieckert,EckertHerdenStiftDurkavanKleunenJoshi
engbergandreas,ProceduralGeneratedTerrain
Pinzauti,padding
vmanriq,memoria-algorithms
caltechlibrary,pyzify
OpenDA-Association,pyopenda
dirkschumacher,ompr
fusion-energy,magnetic
tis-lab,tislab.org
JoelynChua,dvopsAssignmentTeam
calliope-project,euro-calliope
Almeida-FilhoDG,ConcatMiniscope
SteffanoP,cbdgen-framework
OtaruTech,linking
ml4rrieu,bso
alon-albalak,TLiDB
ltriess,semantic
rmvanhees,pys5p
slcs-jsc,jurassic
jobreu,reproducible-research-gesis-2021
cirno1w,transport
LIMUNIMI,SAMPLE
xjdlb,my-awesome-tensorlfow-tutorial
FinnLidbetter,avoiding-collinearity
lhotse-speech,lhotse
vpeterson,MI-OpenBCI
cphys,atomSurfaceInteractionsSI
MAILAB-Yonsei,capsule
wsw321,mht
SvenMarcus,hpc-rocket
tweber-ill,ill
sebastianardelean,graphcoloringusingrqga
uml-marine-robotics,MassMIND
maxrmorrison,pyfoal
kssteven418,transformers-private
AAIR-lab,AAIR-JEDAI
daniel-bogdoll,deep
davidycliao,erdp
kacebe,AtlantGIS
gkanogiannis,CassavaDiversityCIAT
BKreilinger,duckies-and-fishies
Qutlin,Qutlin
ShakerLab,ShakerLab
ahp-electronics,libahp-gt
adeepak7,Finding
mikeyu925,MMDetection
AvivYaish,PHANTOM
OpenStemmata,database
BNN-UPC,ignnition
ohkriss,TroveInternal
erdogant,ismember
tecnd,adwinGUI
TNO-MPC,protocols.kaplan
complexdatacollective,Interviewer
bkuhlmann,mac
microsoft,onnxruntime
mdrafiqulrabin,tnpa-generalizability
watchexec,cargo-watch
fair-data,fairdatapoint-client
estevaofuzaro98,introduction-SHM
Mariana-plr,IPAQlong
letrungthanh,maml
drywjones,Data-cleaning-tools-for-R
gdurin,mokas
faantoniadou,Visualising-the-Cosmos
vertesy,Stringendo
anamello,RetrieveSeq
catg-umag,ncov2019-ont-nf
shibing624,pycorrector
tatuanb,monai
fairdataihub,FAIRshare
NLeSC-GO-common-infrastructure,stac2dcache
caltechlibrary,sidetrack
hidrokit,hidrokit
linwang98,rachel-lab-website
BUNPC,pysnirf2
DefinityTeam,website
dindin28,CryptoTerminal
metaBIOlab,Typical-values
amusecode,amuse
xeTaiz,inviwo-marketplace
divad1196,CPPLibBundle
kabeleh,EoM
v-i-n-a-y,intensity
ixlab,eval
rikhuijzer,citationexperiment
chartes,latin-2nd-century-to-thomas-more
DynamicGenetics,Epicosm
stephane-caron,lipm
solarchemist,uvvistauc
gipso,iramuteqlike
ExpertVelouze57,Project
davidsneighbour,hugo-social
keithgroup,qa-atoms-data
JanMuench,Tutorial
BojanaBajzelj,fao
exciting,BRIXS
mjcencarnacao,ES-2022
watchexec,watchexec
pawel-antoniuk,appendix-4scenes-localization-mdpi-2021
andrLackner,non-linear-reasoning-bm
CLARIAH,grlc
DANS-KNAW,fair-assessment-tool
philips-labs,demo-clustering-longitudinal-data
puzzlef,sum-cuda-inplace-adjust-launch
nellsam,work
scikit-hep,pyhf
PyPSA,atlite
RenanMoraesCardoso,Projeto
Supermaxman,pytorch-gleam
mariodias,database
uf-reef-avl,BagGetFilter
inQWIRE,SQIR
vnmabus,rdata
visaVita,mmaction2
cicirello,InteractiveBinPacking
PySilentSubstitution,pysilsub
martin-rauber,compycalc
ronaldosvieira,gym-locm
gemini3d,gemini3d
LudgerS,MRSartifactRemoval
bigscience-workshop,promptsource
inetrg,ipsn-2022-lwm2mc2c
SoftwareSystemsLaboratory,ssl-metrics
SciKit-Surgery,scikit-surgerybk
cyborg2020,nextflow
keurfonluu,disba
bkenan,rl
int-brain-lab,ibllib
lululxvi,deepxde
Remi-Gau,check
icco,locative.garden
genome-spy,genome-spy
fair-data,fairdatapoint
eleurent,highway-env
TheAlbertDev,get-orcid-publications
TORTADEMANZANA023,nombre
d-eller,research-software
brains-on-code,paper-esec-fse-2017
NordicESMhub,noresm-bench
yypark21,mmdet3d
navasmontilla,EHOW3D
shmh40,detectreeRGB
AnWalbroel,mosaic
Brain-Development-and-Disorders-Lab,template
Wsine,filterfuzz
LizQuinlan,14
adaranogueira,cancer-diagnosis-ml
haqueshenas,Visual-Grain-Analyzer
eshanking,seascapes
mhucka,mhucka
bkahlert,ansible-vault-pass-client
vincentpierre,PythonUnitySharedMemory
robotology,icub-gazebo-grasping-sandbox
Princeton-CDH,mep-django
fall2021-csc510-group40,filmfan
Sydney-Informatics-Hub,Gadi-Trinity
rOpenSpain,tidyBdE
dianna-ai,dianna
JustWhit3,higgs-decay-classification
ropensci,terrainr
todag,dokuwiki-plugin-diagramsnet
AvivYaish,CrimeAndWeatherInChicago
guillaume-longatte,encapsulation
puzzlef,pagerank-optimization-skip-chains
tcharte,Reinforcment-Learning-for-Dynamic-Sorting-in-Intelligent-Manufacturing
gustavlagneborg,Chemception2.0
TheScorpoi,mi4web
FarzanehParizi,Farzaneh-edit
Chris10M,Lip2Speech
mattjurenka,qml-capstone
trejkev,Absolute-Pose-Error
miaomiaojj,mmsegmentation-master
NorthernWidget,MCP3421
h-cel,StochGen
puzzlef,pagerank-cuda-switched-adjust-switch-point
sjkiss,ontario
red-list-ecosystem,RLE-forests-panam-RLIE
debatelab,deepa2
scm-automation-project,maven-multi-module-project
fschuch,the-plunging-flow-by-3D-LES
GLAM-Workbench,glam-workbench.github.io
FoundingTitan,Fire
mad-lab-fau,cft-analysis
gradhep,neos
mzy2240,ESA
SoftwareSystemsLaboratory,ssl-metrics-json-converter
ajp-cdf,Sanders-et-al-2021-code
nathanhollows,Geotrace
charlesmartineau,mai
sjvrijn,playground
warint,shapeR
isyangshu,DABNet
ppanero,zenodo-release-test
chris-santiago,RandomVariates.jl
kausalflow,kirsche
fuqw00,lab
JacquesCarette,pi-dual
DorienHuijser,cd2-survey
ahayden,cosmology
Clinical-Genomics,BALSAMIC
caltechlibrary,cl-js
AceLikesGhosts,x-lol
seanpm2001,Its-time-to-cut-WideVine-DRM
TrueBlocks,trueblocks-core
wiberlin,mc-crawler
paulsengroup,modle
ar4,deepwave
WarwickCDI,How-to-create-a-map-for-print-and-web-using-QGIS
psyplot,psy-maps
eucp-project,storyboards
JacobiClark,testFAIR
p2irc,friendly
MikeTaylor,VertFigure
SticsRPacks,CroPlotR
Nance-Lab,textile
psotob,pain
samarahu,EC400-Final-Project
agilescientific,snowfake
StephenStorm,mmseg
Wimmics,dekalog
meese-wj,REWL
HCMUS-ROBOTICS,ssdf-nncore
ethancaballero,description2code
eparsonnet93,ekpmeasure
Reself-C,COMAP-MCM-ICM-2022
fabianastudillo,uav-dtn
kreshuklab,Plantseg-Cellpose-Augmentation
comunica,comunica
PuSho4Ek,32.5.1
limingyin18,DigitalHumanAndroid
lrogitt,20220113-OpenScienceTraining
modelica-3rdparty,ExternData
jamesmudd,jhdf
LeoFanCE,my-lab.github.io
BlueBrain,diameter-synthesis
ning-y,Palantir
chriswaudby,qq-hahnecho
CuongNN218,zalo
biomechanics-hlrs-gebert,A-FMD-File-to-MeRaDat-Converter
semantic-systems,NLIWOD
OnroerendErfgoed,atramhasis
DefinityTeam,blog
seanpm2001,My-Linux-setup
ChenyanWu,emotion
StickChicken,GPS-Shenanigans
lenamueller,Bautzen
lushaoan,mmseg
erdogant,flameplot
ready4-dev,ttu
yuma-ando,emmregextract
robert-swanson,Four-Year-Plan-Evaluation-System
xomageimer,viterbi
essepuntato,ecss-2021
eucp-project,data-catalogue
complexdatacollective,Server
Isobel-nixon,modulo
lifs-tools,jgoslin
Grigory-Kulagin,transformers
jlehtomaa,OOCC
OnroerendErfgoed,skosprovider
nallam1,Batch-processing-multimodality-tumour-imaging
cheginit,pynhd
stroblme,hqsp-qcnn
govertb,TiledMultiGPUVisualization
Tao-Ni,ni-lab
bencarter4185,dla
neelsoumya,dsMiscellaneous
goucher-ml,2021-Fall
BonnieMcLean,IcoTools
inbo,protocolhelper
sancus-tee,sancus-riot
puzzlef,pagerank-optimization-split-components
0MATRIX0,COMP3100-Project
riatelab,mapsf
philipdarke,pypi-cookiecutter
HackTestes,SimpleAStar
seanpm2001,SeansLifeArchive
rohankumardubey,difftastic
WarwickCDI,workshop-introductory-social-media-analysis-R
eeveetza,p1546
sicara,tf-explain
marekdedic,FluxUrl.jl
caltechlibrary,crossrefapi
plyush1993,OUKS
RajyaLakshmiAnisetti,Face-mask-detector
kryvokhyzha,examples-and-courses
bvreede,zenodo
Alec-Schneider,FinancialHealthDatabase
gipso,encryptrpak
BIOP,tool-ibidi-slide-holder
replab,web
cogment,cogment-verse
ICEI-PUC-Minas-PPLES-TI,PLF-ES-2021-2-TI1-7946100-crimes-ciberneticos-1
ekehoe32,orthrus
ajaymur91,ClusterSAM
facebookresearch,CompilerGym
solarchemist,bandgaps
saw-leipzig,BachLetters
trejkev,knnsearch
lakeCoSTR,lakeCoSTR
Cyborg-Model-Z,transformersray
zysymu,mmdetection
th-koeln-intia,intia-abschlusstagung
effector,effector
GregFekas,ThesisRepo
tencent-ailab,DrugOOD
shibing624,pytextclassifier
YangPhy,para
wineslab,colosseum-oran-commag-dataset
dmijatovic,github-ci-demo
vasude1,UMAT
ssstolk,toe-lld
thomgrand,cartoreader-lite
metaBIOlab,CorticalFoldingHumans
Moderocky,ByteSkript
journalprivacyconfidentiality,privbayes-nist-jpc
rapidsai,cusignal
hsp-iit,roft
OSC,ondemand
SteveKommrusch,PrgEq
geospace-code,matlab-stdlib
alaturka,linux
brains-on-code,fMRI-complexity-metrics-icse2021
mhbeals,1F427
less-lab-uva,DFV-Artifact
casus,atoMEC
CN-TU,dSalmon
RodrigoAVargasHdz,steady
